Store Name,Primary Category Name,Secondary Category Name,Leaf Category Name,Product ID,Creation Date,Product Name,Product URL,SKU,Attribute Set,Visibility,Status(enable/disable)
bannerbuzz.com,Banners,Vinyl Banners,Business Banners,"4,65,400",17-02-2019 08:31,Custom Vinyl Banners,https://www.bannerbuzz.com/custom-vinyl-banners/p,BBVBCB00,Default,"Catalog, Search",Enable
bannerbuzz.com.au,Banners,Vinyl Banners,Business Banners,"4,65,400",17-02-2019 08:31,Custom Vinyl Banners,https://www.bannerbuzz.com.au/custom-vinyl-banners/p,BBVBCB00,Default,"Catalog, Search",Enable
bannerbuzz.co.uk,Banners,Vinyl Banners,Business Banners,"4,65,400",17-02-2019 08:31,Custom Vinyl Banners,https://www.bannerbuzz.co.uk/custom-vinyl-banners/p,BBVBCB00,Default,"Catalog, Search",Enable
bannerbuzz.ca,Banners,Vinyl Banners,Business Banners,"4,65,400",17-02-2019 08:31,Custom Vinyl Banners,https://www.bannerbuzz.ca/custom-vinyl-banners/p,BBVBCB00,Default,"Catalog, Search",Enable
bannerbuzz.nz,Banners,Vinyl Banners,Business Banners,"4,65,400",17-02-2019 08:31,Custom Vinyl Banners,https://www.bannerbuzz.co.nz/custom-vinyl-banners/p,BBVBCB00,Default,"Catalog, Search",Enable
bestofsigns.com,Banners,Custom Vinyl Banners,Business Banners,"4,65,400",17-02-2019 08:31,Custom Banners,https://www.bestofsigns.com/custom-banners.html,BBVBCB00,Default,"Catalog, Search",Enable
bannerbuzz.com,Banners,Vinyl Banners,Business Banners,"4,65,401",17-02-2019 08:31,Indoor Banners,https://www.bannerbuzz.com/indoor-banners/p,BBVBCB01,Default,"Catalog, Search",Enable
bannerbuzz.com.au,Banners,Vinyl Banners,Business Banners,"4,65,401",17-02-2019 08:31,Indoor Banners,https://www.bannerbuzz.com.au/indoor-banners/p,BBVBCB01,Default,"Catalog, Search",Enable
bannerbuzz.co.uk,Banners,Vinyl Banners,Business Banners,"4,65,401",17-02-2019 08:31,Indoor Banners,https://www.bannerbuzz.co.uk/indoor-banners/p,BBVBCB01,Default,"Catalog, Search",Enable
bannerbuzz.ca,Banners,Vinyl Banners,Business Banners,"4,65,401",17-02-2019 08:31,Indoor Banners,https://www.bannerbuzz.ca/indoor-banners/p,BBVBCB01,Default,"Catalog, Search",Enable
bannerbuzz.nz,Banners,Vinyl Banners,Business Banners,"4,65,401",17-02-2019 08:31,Indoor Banners,https://www.bannerbuzz.co.nz/indoor-banners/p,BBVBCB01,Default,"Catalog, Search",Enable
bestofsigns.com,Banners,Custom Vinyl Banners,Business Banners,"4,65,401",17-02-2019 08:31,Indoor Banners,https://www.bestofsigns.com/indoor-banners.html,BBVBCB01,Default,"Catalog, Search",Enable
bannerbuzz.com,Banners,Vinyl Banners,Business Banners,"4,65,402",17-02-2019 08:31,Outdoor Banners,https://www.bannerbuzz.com/outdoor-banners/p,BBRMOB01,Default,"Catalog, Search",Enable
bannerbuzz.com.au,Banners,Vinyl Banners,Business Banners,"4,65,402",17-02-2019 08:31,Outdoor Banners,https://www.bannerbuzz.com.au/outdoor-banners/p,BBRMOB01,Default,"Catalog, Search",Enable
bannerbuzz.co.uk,Banners,Vinyl Banners,Business Banners,"4,65,402",17-02-2019 08:31,Outdoor Banners,https://www.bannerbuzz.co.uk/outdoor-banners/p,BBRMOB01,Default,"Catalog, Search",Enable
bannerbuzz.ca,Banners,Vinyl Banners,Business Banners,"4,65,402",17-02-2019 08:31,Outdoor Banners,https://www.bannerbuzz.ca/outdoor-banners/p,BBRMOB01,Default,"Catalog, Search",Enable
bannerbuzz.nz,Banners,Vinyl Banners,Business Banners,"4,65,402",17-02-2019 08:31,Outdoor Banners,https://www.bannerbuzz.co.nz/outdoor-banners/p,BBRMOB01,Default,"Catalog, Search",Enable
bestofsigns.com,Banners,Custom Vinyl Banners,Business Banners,"4,65,402",17-02-2019 08:31,Outdoor Banners,https://www.bestofsigns.com/outdoor-banners.html,BBRMOB01,Default,"Catalog, Search",Enable
bannerbuzz.com,Banners,Vinyl Banners,Business Banners,"4,65,403",17-02-2019 08:31,Promotional Banners,https://www.bannerbuzz.com/promotional-banners/p,BBVBBB01,Default,"Catalog, Search",Enable
bannerbuzz.com.au,Banners,Vinyl Banners,Business Banners,"4,65,403",17-02-2019 08:31,Promotional Banners,https://www.bannerbuzz.com.au/promotional-banners/p,BBVBBB01,Default,"Catalog, Search",Enable
bannerbuzz.co.uk,Banners,Vinyl Banners,Business Banners,"4,65,403",17-02-2019 08:31,Promotional Banners,https://www.bannerbuzz.co.uk/promotional-banners/p,BBVBBB01,Default,"Catalog, Search",Enable
bannerbuzz.ca,Banners,Vinyl Banners,Business Banners,"4,65,403",17-02-2019 08:31,Promotional Banners,https://www.bannerbuzz.ca/promotional-banners/p,BBVBBB01,Default,"Catalog, Search",Enable
bannerbuzz.nz,Banners,Vinyl Banners,Business Banners,"4,65,403",17-02-2019 08:31,Promotional Banners,https://www.bannerbuzz.co.nz/promotional-banners/p,BBVBBB01,Default,"Catalog, Search",Enable
bestofsigns.com,Banners,Custom Vinyl Banners,Business Banners,"4,65,403",17-02-2019 08:31,Promotional Banners,https://www.bestofsigns.com/promotional-banners.html,BBVBBB01,Default,"Catalog, Search",Enable
bannerbuzz.com,Banners,Vinyl Banners,Business Banners,"4,65,404",17-02-2019 08:31,Real Estate Banners,https://www.bannerbuzz.com/real-estate-banners/p,BBVBBB07,Default,"Catalog, Search",Enable
bannerbuzz.com.au,Banners,Vinyl Banners,Business Banners,"4,65,404",17-02-2019 08:31,Real Estate Banners,https://www.bannerbuzz.com.au/real-estate-banners/p,BBVBBB07,Default,"Catalog, Search",Enable
bannerbuzz.co.uk,Banners,Vinyl Banners,Business Banners,"4,65,404",17-02-2019 08:31,Property Banners,https://www.bannerbuzz.co.uk/real-estate-banners/p,BBVBBB07,Default,"Catalog, Search",Enable
bannerbuzz.ca,Banners,Vinyl Banners,Business Banners,"4,65,404",17-02-2019 08:31,Real Estate Banners,https://www.bannerbuzz.ca/real-estate-banners/p,BBVBBB07,Default,"Catalog, Search",Enable
bannerbuzz.nz,Banners,Vinyl Banners,Business Banners,"4,65,404",17-02-2019 08:31,Real Estate Banners,https://www.bannerbuzz.co.nz/real-estate-banners/p,BBVBBB07,Default,"Catalog, Search",Enable
bestofsigns.com,Banners,Custom Vinyl Banners,Business Banners,"4,65,404",17-02-2019 08:31,Real Estate Banners,https://www.bestofsigns.com/real-estate-banners.html,BBVBBB07,Default,"Catalog, Search",Enable
bannerbuzz.com,Banners,Vinyl Banners,Business Banners,"4,65,405",17-02-2019 08:31,Trade Show Banners,https://www.bannerbuzz.com/trade-show-banners/p,BBVBBB02,Default,"Catalog, Search",Enable
bannerbuzz.com.au,Banners,Vinyl Banners,Business Banners,"4,65,405",17-02-2019 08:31,Trade Show Banners,https://www.bannerbuzz.com.au/trade-show-banners/p,BBVBBB02,Default,"Catalog, Search",Enable
bannerbuzz.co.uk,Banners,Vinyl Banners,Business Banners,"4,65,405",17-02-2019 08:31,Trade Show Banners,https://www.bannerbuzz.co.uk/trade-show-banners/p,BBVBBB02,Default,"Catalog, Search",Enable
bannerbuzz.ca,Banners,Vinyl Banners,Business Banners,"4,65,405",17-02-2019 08:31,Trade Show Banners,https://www.bannerbuzz.ca/trade-show-banners/p,BBVBBB02,Default,"Catalog, Search",Enable
bannerbuzz.nz,Banners,Vinyl Banners,Business Banners,"4,65,405",17-02-2019 08:31,Trade Show Banners,https://www.bannerbuzz.co.nz/trade-show-banners/p,BBVBBB02,Default,"Catalog, Search",Enable
bestofsigns.com,Banners,Custom Vinyl Banners,Event Banners,"4,65,405",17-02-2019 08:31,Trade Show Banners,https://www.bestofsigns.com/trade-show-banners.html,BBVBBB02,Default,"Catalog, Search",Enable
bannerbuzz.com,Banners,Vinyl Banners,Business Banners,"4,65,406",17-02-2019 08:31,Retail Banners,https://www.bannerbuzz.com/retail-banners/p,BBVBBB04,Default,"Catalog, Search",Enable
bannerbuzz.com.au,Banners,Vinyl Banners,Business Banners,"4,65,406",17-02-2019 08:31,Retail Banners,https://www.bannerbuzz.com.au/retail-banners/p,BBVBBB04,Default,"Catalog, Search",Enable
bannerbuzz.co.uk,Banners,Vinyl Banners,Business Banners,"4,65,406",17-02-2019 08:31,Retail Banners,https://www.bannerbuzz.co.uk/retail-banners/p,BBVBBB04,Default,"Catalog, Search",Enable
bannerbuzz.ca,Banners,Vinyl Banners,Business Banners,"4,65,406",17-02-2019 08:31,Retail Banners,https://www.bannerbuzz.ca/retail-banners/p,BBVBBB04,Default,"Catalog, Search",Enable
bannerbuzz.nz,Banners,Vinyl Banners,Business Banners,"4,65,406",17-02-2019 08:31,Retail Banners,https://www.bannerbuzz.co.nz/retail-banners/p,BBVBBB04,Default,"Catalog, Search",Enable
bestofsigns.com,Banners,Custom Vinyl Banners,Business Banners,"4,65,406",17-02-2019 08:31,Retail Banners,https://www.bestofsigns.com/retail-banners.html,BBVBBB04,Default,"Catalog, Search",Enable
bannerbuzz.com,Banners,Vinyl Banners,Business Banners,"4,65,407",17-02-2019 08:31,Sales Banners,https://www.bannerbuzz.com/sales-banners/p,BBVBBB03,Default,"Catalog, Search",Enable
bannerbuzz.com.au,Banners,Vinyl Banners,Business Banners,"4,65,407",17-02-2019 08:31,Sales Banners,https://www.bannerbuzz.com.au/sales-banners/p,BBVBBB03,Default,"Catalog, Search",Enable
bannerbuzz.co.uk,Banners,Vinyl Banners,Business Banners,"4,65,407",17-02-2019 08:31,Sales Banners,https://www.bannerbuzz.co.uk/sales-banners/p,BBVBBB03,Default,"Catalog, Search",Enable
bannerbuzz.ca,Banners,Vinyl Banners,Business Banners,"4,65,407",17-02-2019 08:31,Sales Banners,https://www.bannerbuzz.ca/sales-banners/p,BBVBBB03,Default,"Catalog, Search",Enable
bannerbuzz.nz,Banners,Vinyl Banners,Business Banners,"4,65,407",17-02-2019 08:31,Sales Banners,https://www.bannerbuzz.co.nz/sales-banners/p,BBVBBB03,Default,"Catalog, Search",Enable
bestofsigns.com,Banners,Custom Vinyl Banners,Business Banners,"4,65,407",17-02-2019 08:31,For Sale Banners,https://www.bestofsigns.com/for-sale-banners.html,BBVBBB03,Default,"Catalog, Search",Enable
bannerbuzz.com,Banners,Vinyl Banners,Business Banners,"4,65,408",17-02-2019 08:31,Advertising Banners,https://www.bannerbuzz.com/advertising-banners/p,BBVBBB05,Default,"Catalog, Search",Enable
bannerbuzz.com.au,Banners,Vinyl Banners,Business Banners,"4,65,408",17-02-2019 08:31,Advertising Banners,https://www.bannerbuzz.com.au/advertising-banners/p,BBVBBB05,Default,"Catalog, Search",Enable
bannerbuzz.co.uk,Banners,Vinyl Banners,Business Banners,"4,65,408",17-02-2019 08:31,Advertising Banners,https://www.bannerbuzz.co.uk/advertising-banners/p,BBVBBB05,Default,"Catalog, Search",Enable
bannerbuzz.ca,Banners,Vinyl Banners,Business Banners,"4,65,408",17-02-2019 08:31,Advertising Banners,https://www.bannerbuzz.ca/advertising-banners/p,BBVBBB05,Default,"Catalog, Search",Enable
bannerbuzz.nz,Banners,Vinyl Banners,Business Banners,"4,65,408",17-02-2019 08:31,Advertising Banners,https://www.bannerbuzz.co.nz/advertising-banners/p,BBVBBB05,Default,"Catalog, Search",Enable
bestofsigns.com,Banners,Custom Vinyl Banners,Business Banners,"4,65,408",17-02-2019 08:31,Advertising Banners,https://www.bestofsigns.com/advertising-banners.html,BBVBBB05,Default,"Catalog, Search",Enable
bannerbuzz.com,Banners,Vinyl Banners,Business Banners,"4,65,409",17-02-2019 08:31,Company Banners,https://www.bannerbuzz.com/company-banners/p,BBVBBB06,Default,"Catalog, Search",Enable
bannerbuzz.com.au,Banners,Vinyl Banners,Business Banners,"4,65,409",17-02-2019 08:31,Company Banners,https://www.bannerbuzz.com.au/company-banners/p,BBVBBB06,Default,"Catalog, Search",Enable
bannerbuzz.co.uk,Banners,Vinyl Banners,Business Banners,"4,65,409",17-02-2019 08:31,Company Banners,https://www.bannerbuzz.co.uk/company-banners/p,BBVBBB06,Default,"Catalog, Search",Enable
bannerbuzz.ca,Banners,Vinyl Banners,Business Banners,"4,65,409",17-02-2019 08:31,Company Banners,https://www.bannerbuzz.ca/company-banners/p,BBVBBB06,Default,"Catalog, Search",Enable
bannerbuzz.nz,Banners,Vinyl Banners,Business Banners,"4,65,409",17-02-2019 08:31,Company Banners,https://www.bannerbuzz.co.nz/company-banners/p,BBVBBB06,Default,"Catalog, Search",Enable
bestofsigns.com,Banners,Custom Vinyl Banners,Business Banners,"4,65,409",17-02-2019 08:31,Company Banners,https://www.bestofsigns.com/company-banners.html,BBVBBB06,Default,"Catalog, Search",Enable
bannerbuzz.com,Banners,Vinyl Banners,Business Banners,"4,65,410",17-02-2019 08:31,Sponsor Banners,https://www.bannerbuzz.com/sponsor-banners/p,BBVBBB08,Default,"Catalog, Search",Enable
bannerbuzz.com.au,Banners,Vinyl Banners,Business Banners,"4,65,410",17-02-2019 08:31,Sponsor Banners,https://www.bannerbuzz.com.au/sponsor-banners/p,BBVBBB08,Default,"Catalog, Search",Enable
bannerbuzz.co.uk,Banners,Vinyl Banners,Business Banners,"4,65,410",17-02-2019 08:31,Sponsorship Banners,https://www.bannerbuzz.co.uk/sponsor-banners/p,BBVBBB08,Default,"Catalog, Search",Enable
bannerbuzz.ca,Banners,Vinyl Banners,Business Banners,"4,65,410",17-02-2019 08:31,Sponsor Banners,https://www.bannerbuzz.ca/sponsor-banners/p,BBVBBB08,Default,"Catalog, Search",Enable
bannerbuzz.nz,Banners,Vinyl Banners,Business Banners,"4,65,410",17-02-2019 08:31,Sponsor Banners,https://www.bannerbuzz.co.nz/sponsor-banners/p,BBVBBB08,Default,"Catalog, Search",Enable
bestofsigns.com,Banners,Custom Vinyl Banners,Business Banners,"4,65,410",17-02-2019 08:31,Sponsor Banners,https://www.bestofsigns.com/sponsor-banners.html,BBVBBB08,Default,"Catalog, Search",Enable
bannerbuzz.com,Banners,Vinyl Banners,Business Banners,"4,65,411",17-02-2019 08:31,Restaurant Banners,https://www.bannerbuzz.com/restaurant-banners/p,BBVBBB09,Default,"Catalog, Search",Enable
bannerbuzz.com.au,Banners,Vinyl Banners,Business Banners,"4,65,411",17-02-2019 08:31,Restaurant Banners,https://www.bannerbuzz.com.au/restaurant-banners/p,BBVBBB09,Default,"Catalog, Search",Enable
bannerbuzz.co.uk,Banners,Vinyl Banners,Business Banners,"4,65,411",17-02-2019 08:31,Restaurant Banners,https://www.bannerbuzz.co.uk/restaurant-banners/p,BBVBBB09,Default,"Catalog, Search",Enable
bannerbuzz.ca,Banners,Vinyl Banners,Business Banners,"4,65,411",17-02-2019 08:31,Restaurant Banners,https://www.bannerbuzz.ca/restaurant-banners/p,BBVBBB09,Default,"Catalog, Search",Enable
bannerbuzz.nz,Banners,Vinyl Banners,Business Banners,"4,65,411",17-02-2019 08:31,Restaurant Banners,https://www.bannerbuzz.co.nz/restaurant-banners/p,BBVBBB09,Default,"Catalog, Search",Enable
bestofsigns.com,Banners,Custom Vinyl Banners,Business Banners,"4,65,411",17-02-2019 08:31,Restaurant Banners,https://www.bestofsigns.com/restaurant-banners.html,BBVBBB09,Default,"Catalog, Search",Enable
bannerbuzz.com,Banners,Vinyl Banners,Business Banners,"4,65,412",17-02-2019 08:31,Art Music & Entertainment Banners,https://www.bannerbuzz.com/art-music-entertainment-banners/p,BBVBCB08,Default,"Catalog, Search",Enable
bannerbuzz.com.au,Banners,Vinyl Banners,Business Banners,"4,65,412",17-02-2019 08:31,Art Music & Entertainment Banners,https://www.bannerbuzz.com.au/art-music-entertainment-banners/p,BBVBCB08,Default,"Catalog, Search",Enable
bannerbuzz.co.uk,Banners,Vinyl Banners,Business Banners,"4,65,412",17-02-2019 08:31,"Art, Music & Entertainment Banners",https://www.bannerbuzz.co.uk/art-music-entertainment-banners/p,BBVBCB08,Default,"Catalog, Search",Enable
bannerbuzz.ca,Banners,Vinyl Banners,Business Banners,"4,65,412",17-02-2019 08:31,Art Music & Entertainment Banners,https://www.bannerbuzz.ca/art-music-entertainment-banners/p,BBVBCB08,Default,"Catalog, Search",Enable
bannerbuzz.nz,Banners,Vinyl Banners,Business Banners,"4,65,412",17-02-2019 08:31,Art Music & Entertainment Banners,https://www.bannerbuzz.co.nz/art-music-entertainment-banners/p,BBVBCB08,Default,"Catalog, Search",Enable
bestofsigns.com,Banners,Custom Vinyl Banners,Business Banners,"4,65,412",17-02-2019 08:31,Art Music & Entertainment Banners,https://www.bestofsigns.com/art-music-entertainment-banners.html,BBVBCB08,Default,"Catalog, Search",Enable
bannerbuzz.com,Banners,Vinyl Banners,Business Banners,"4,65,413",17-02-2019 08:31,Automotive Transportation Banners,https://www.bannerbuzz.com/automotive-transportation-banners/p,BBVBCB09,Default,"Catalog, Search",Enable
bannerbuzz.com.au,Banners,Vinyl Banners,Business Banners,"4,65,413",17-02-2019 08:31,Automotive Transportation Banners,https://www.bannerbuzz.com.au/automotive-transportation-banners/p,BBVBCB09,Default,"Catalog, Search",Enable
bannerbuzz.co.uk,Banners,Vinyl Banners,Business Banners,"4,65,413",17-02-2019 08:31,Transport Banners,https://www.bannerbuzz.co.uk/automotive-transportation-banners/p,BBVBCB09,Default,"Catalog, Search",Enable
bannerbuzz.ca,Banners,Vinyl Banners,Business Banners,"4,65,413",17-02-2019 08:31,Automotive Transportation Banners,https://www.bannerbuzz.ca/automotive-transportation-banners/p,BBVBCB09,Default,"Catalog, Search",Enable
bannerbuzz.nz,Banners,Vinyl Banners,Business Banners,"4,65,413",17-02-2019 08:31,Automotive Transportation Banners,https://www.bannerbuzz.co.nz/automotive-transportation-banners/p,BBVBCB09,Default,"Catalog, Search",Enable
bestofsigns.com,Banners,Custom Vinyl Banners,Business Banners,"4,65,413",17-02-2019 08:31,Automotive Transportation Banners,https://www.bestofsigns.com/automotive-transportation-banners.html,BBVBCB09,Default,"Catalog, Search",Enable
bannerbuzz.com,Banners,Vinyl Banners,Event Banners,"4,65,414",17-02-2019 08:31,Birthday Banners,https://www.bannerbuzz.com/birthday-banners/p,BBRMBB01,Default,"Catalog, Search",Enable
bannerbuzz.com.au,Banners,Vinyl Banners,Event Banners,"4,65,414",17-02-2019 08:31,Birthday Banners,https://www.bannerbuzz.com.au/birthday-banners/p,BBRMBB01,Default,"Catalog, Search",Enable
bannerbuzz.co.uk,Banners,Vinyl Banners,Event Banners,"4,65,414",17-02-2019 08:31,Birthday Banners,https://www.bannerbuzz.co.uk/birthday-banners/p,BBRMBB01,Default,"Catalog, Search",Enable
bannerbuzz.ca,Banners,Vinyl Banners,Event Banners,"4,65,414",17-02-2019 08:31,Birthday Banners,https://www.bannerbuzz.ca/birthday-banners/p,BBRMBB01,Default,"Catalog, Search",Enable
bannerbuzz.nz,Banners,Vinyl Banners,Event Banners,"4,65,414",17-02-2019 08:31,Birthday Banners,https://www.bannerbuzz.co.nz/birthday-banners/p,BBRMBB01,Default,"Catalog, Search",Enable
bestofsigns.com,Banners,Custom Vinyl Banners,Event Banners,"4,65,414",17-02-2019 08:31,Personalized Birthday Banners,https://www.bestofsigns.com/birthday-banners.html,BBRMBB01,Default,"Catalog, Search",Enable
bannerbuzz.com,Banners,Vinyl Banners,Event Banners,"4,65,415",17-02-2019 08:31,Halloween Banners,https://www.bannerbuzz.com/halloween-banners/p,BBVBHB02,Default,"Catalog, Search",Enable
bannerbuzz.com.au,Banners,Vinyl Banners,Event Banners,"4,65,415",17-02-2019 08:31,Halloween Banners,https://www.bannerbuzz.com.au/halloween-banners/p,BBVBHB02,Default,"Catalog, Search",Enable
bestofsigns.com,Banners,Custom Vinyl Banners,Holiday Banners,"4,65,415",17-02-2019 08:31,Halloween Banners,https://www.bestofsigns.com/halloween-banners.html,BBVBHB02,Default,"Catalog, Search",Enable
bannerbuzz.com,Banners,Vinyl Banners,Event Banners,"4,65,416",17-02-2019 08:31,Thanksgiving Banners,https://www.bannerbuzz.com/thanksgiving-banners/p,BBVBHB03,Default,"Catalog, Search",Enable
bannerbuzz.com.au,Banners,Vinyl Banners,Event Banners,"4,65,416",17-02-2019 08:31,Thanksgiving Banners,https://www.bannerbuzz.com.au/thanksgiving-banners/p,BBVBHB03,Default,"Catalog, Search",Enable
bestofsigns.com,Banners,Custom Vinyl Banners,Holiday Banners,"4,65,416",17-02-2019 08:31,Thanksgiving Banners,https://www.bestofsigns.com/thanksgiving-banners.html,BBVBHB03,Default,"Catalog, Search",Enable
bannerbuzz.com,Banners,Vinyl Banners,Event Banners,"4,65,417",17-02-2019 08:31,4th of July Banners,https://www.bannerbuzz.com/4th-of-july-banners/p,BBVBHB04,Default,"Catalog, Search",Enable
bannerbuzz.com.au,Banners,Vinyl Banners,Event Banners,"4,65,417",17-02-2019 08:31,4th of July Banners,https://www.bannerbuzz.com.au/4th-of-july-banners/p,BBVBHB04,Default,[NULL],Enable
bestofsigns.com,Banners,Custom Vinyl Banners,Event Banners,"4,65,417",17-02-2019 08:31,4th of July Banners,https://www.bestofsigns.com/4th-of-july-banners.html,BBVBHB04,Default,"Catalog, Search",Enable
bannerbuzz.com,Banners,Vinyl Banners,Event Banners,"4,65,418",17-02-2019 08:31,Christmas Banners,https://www.bannerbuzz.com/christmas-banners/p,BBVBHB01,Default,"Catalog, Search",Enable
bannerbuzz.com.au,Banners,Vinyl Banners,Event Banners,"4,65,418",17-02-2019 08:31,Christmas Banners,https://www.bannerbuzz.com.au/christmas-banners/p,BBVBHB01,Default,"Catalog, Search",Enable
bannerbuzz.co.uk,Banners,Vinyl Banners,Event Banners,"4,65,418",17-02-2019 08:31,Christmas Banners,https://www.bannerbuzz.co.uk/christmas-banners/p,BBVBHB01,Default,"Catalog, Search",Enable
bannerbuzz.ca,Banners,Vinyl Banners,Event Banners,"4,65,418",17-02-2019 08:31,Christmas Banners,https://www.bannerbuzz.ca/christmas-banners/p,BBVBHB01,Default,"Catalog, Search",Enable
bannerbuzz.nz,Banners,Vinyl Banners,Event Banners,"4,65,418",17-02-2019 08:31,Christmas Banners,https://www.bannerbuzz.co.nz/christmas-banners/p,BBVBHB01,Default,"Catalog, Search",Enable
bestofsigns.com,Banners,Custom Vinyl Banners,Holiday Banners,"4,65,418",17-02-2019 08:31,Christmas Banners,https://www.bestofsigns.com/christmas-banners.html,BBVBHB01,Default,"Catalog, Search",Enable
bannerbuzz.com,Banners,Vinyl Banners,Event Banners,"4,65,419",17-02-2019 08:31,New Year Banners,https://www.bannerbuzz.com/new-year-banners/p,BBVBHB05,Default,"Catalog, Search",Enable
bannerbuzz.com.au,Banners,Vinyl Banners,Event Banners,"4,65,419",17-02-2019 08:31,New Year Banners,https://www.bannerbuzz.com.au/new-year-banners/p,BBVBHB05,Default,"Catalog, Search",Enable
bannerbuzz.co.uk,Banners,Vinyl Banners,Event Banners,"4,65,419",17-02-2019 08:31,New Year Banners,https://www.bannerbuzz.co.uk/new-year-banners/p,BBVBHB05,Default,"Catalog, Search",Enable
bannerbuzz.ca,Banners,Vinyl Banners,Event Banners,"4,65,419",17-02-2019 08:31,New Year Banners,https://www.bannerbuzz.ca/new-year-banners/p,BBVBHB05,Default,"Catalog, Search",Enable
bannerbuzz.nz,Banners,Vinyl Banners,Event Banners,"4,65,419",17-02-2019 08:31,New Year Banners,https://www.bannerbuzz.co.nz/new-year-banners/p,BBVBHB05,Default,"Catalog, Search",Enable
bestofsigns.com,Banners,Custom Vinyl Banners,Holiday Banners,"4,65,419",17-02-2019 08:31,New Year Banners,https://www.bestofsigns.com/new-year-banners.html,BBVBHB05,Default,"Catalog, Search",Enable
bannerbuzz.com,Banners,Vinyl Banners,Event Banners,"4,65,420",17-02-2019 08:31,Baby Shower Banners,https://www.bannerbuzz.com/baby-shower-banners/p,BBVBEB02,Default,"Catalog, Search",Enable
bannerbuzz.com.au,Banners,Vinyl Banners,Event Banners,"4,65,420",17-02-2019 08:31,Baby Shower Banners,https://www.bannerbuzz.com.au/baby-shower-banners/p,BBVBEB02,Default,"Catalog, Search",Enable
bannerbuzz.co.uk,Banners,Vinyl Banners,Event Banners,"4,65,420",17-02-2019 08:31,Baby Shower Banners,https://www.bannerbuzz.co.uk/baby-shower-banners/p,BBVBEB02,Default,"Catalog, Search",Enable
bannerbuzz.ca,Banners,Vinyl Banners,Event Banners,"4,65,420",17-02-2019 08:31,Baby Shower Banners,https://www.bannerbuzz.ca/baby-shower-banners/p,BBVBEB02,Default,"Catalog, Search",Enable
bannerbuzz.nz,Banners,Vinyl Banners,Event Banners,"4,65,420",17-02-2019 08:31,Baby Shower Banners,https://www.bannerbuzz.co.nz/baby-shower-banners/p,BBVBEB02,Default,"Catalog, Search",Enable
bestofsigns.com,Banners,Custom Vinyl Banners,Business Banners,"4,65,420",17-02-2019 08:31,Baby Shower Banners,https://www.bestofsigns.com/baby-shower-banners.html,BBVBEB02,Default,"Catalog, Search",Enable
bannerbuzz.com,Banners,Vinyl Banners,Event Banners,"4,65,421",17-02-2019 08:31,Welcome Home Banners,https://www.bannerbuzz.com/welcome-home-banners/p,BBVBEB04,Default,"Catalog, Search",Enable
bannerbuzz.com.au,Banners,Vinyl Banners,Event Banners,"4,65,421",17-02-2019 08:31,Welcome Home Banners,https://www.bannerbuzz.com.au/welcome-home-banners/p,BBVBEB04,Default,"Catalog, Search",Enable
bannerbuzz.co.uk,Banners,Vinyl Banners,Event Banners,"4,65,421",17-02-2019 08:31,Welcome Home Banners,https://www.bannerbuzz.co.uk/welcome-home-banners/p,BBVBEB04,Default,"Catalog, Search",Enable
bannerbuzz.ca,Banners,Vinyl Banners,Event Banners,"4,65,421",17-02-2019 08:31,Welcome Home Banners,https://www.bannerbuzz.ca/welcome-home-banners/p,BBVBEB04,Default,"Catalog, Search",Enable
bannerbuzz.nz,Banners,Vinyl Banners,Event Banners,"4,65,421",17-02-2019 08:31,Welcome Home Banners,https://www.bannerbuzz.co.nz/welcome-home-banners/p,BBVBEB04,Default,"Catalog, Search",Enable
bestofsigns.com,Banners,Custom Vinyl Banners,Special Banners,"4,65,421",17-02-2019 08:31,Welcome Home Banners,https://www.bestofsigns.com/welcome-home-banners.html,BBVBEB04,Default,"Catalog, Search",Enable
bannerbuzz.com,Banners,Vinyl Banners,Event Banners,"4,65,422",17-02-2019 08:31,Wedding Anniversary Banners,https://www.bannerbuzz.com/wedding-anniversary-banners/p,BBVBEB03,Default,"Catalog, Search",Enable
bannerbuzz.com.au,Banners,Vinyl Banners,Event Banners,"4,65,422",17-02-2019 08:31,Wedding Anniversary Banners,https://www.bannerbuzz.com.au/wedding-anniversary-banners/p,BBVBEB03,Default,"Catalog, Search",Enable
bannerbuzz.co.uk,Banners,Vinyl Banners,Event Banners,"4,65,422",17-02-2019 08:31,Wedding Anniversary Banners,https://www.bannerbuzz.co.uk/wedding-anniversary-banners/p,BBVBEB03,Default,"Catalog, Search",Enable
bannerbuzz.ca,Banners,Vinyl Banners,Event Banners,"4,65,422",17-02-2019 08:31,Wedding Anniversary Banners,https://www.bannerbuzz.ca/wedding-anniversary-banners/p,BBVBEB03,Default,"Catalog, Search",Enable
bannerbuzz.nz,Banners,Vinyl Banners,Event Banners,"4,65,422",17-02-2019 08:31,Wedding Anniversary Banners,https://www.bannerbuzz.co.nz/wedding-anniversary-banners/p,BBVBEB03,Default,"Catalog, Search",Enable
bestofsigns.com,Banners,Custom Vinyl Banners,Event Banners,"4,65,422",17-02-2019 08:31,Anniversary Banners,https://www.bestofsigns.com/anniversary-banners.html,BBVBEB03,Default,"Catalog, Search",Enable
bannerbuzz.com,Banners,Vinyl Banners,Event Banners,"4,65,423",17-02-2019 08:31,Grand Opening Banners,https://www.bannerbuzz.com/grand-opening-banners/p,BBVBEB05,Default,"Catalog, Search",Enable
bannerbuzz.com.au,Banners,Vinyl Banners,Event Banners,"4,65,423",17-02-2019 08:31,Grand Opening Banners,https://www.bannerbuzz.com.au/grand-opening-banners/p,BBVBEB05,Default,"Catalog, Search",Enable
bannerbuzz.co.uk,Banners,Vinyl Banners,Event Banners,"4,65,423",17-02-2019 08:31,Grand Opening Banners,https://www.bannerbuzz.co.uk/grand-opening-banners/p,BBVBEB05,Default,"Catalog, Search",Enable
bannerbuzz.ca,Banners,Vinyl Banners,Event Banners,"4,65,423",17-02-2019 08:31,Grand Opening Banners,https://www.bannerbuzz.ca/grand-opening-banners/p,BBVBEB05,Default,"Catalog, Search",Enable
bannerbuzz.nz,Banners,Vinyl Banners,Event Banners,"4,65,423",17-02-2019 08:31,Grand Opening Banners,https://www.bannerbuzz.co.nz/grand-opening-banners/p,BBVBEB05,Default,"Catalog, Search",Enable
bestofsigns.com,Banners,Custom Vinyl Banners,Event Banners,"4,65,423",17-02-2019 08:31,Grand Opening Banners,https://www.bestofsigns.com/grand-opening-banners.html,BBVBEB05,Default,"Catalog, Search",Enable
bannerbuzz.com,Banners,Vinyl Banners,Interest Group Banners,"4,65,424",17-02-2019 08:31,Church Banners,https://www.bannerbuzz.com/church-banners/p,BBVBCB02,Default,"Catalog, Search",Enable
bannerbuzz.com.au,Banners,Vinyl Banners,Interest Group Banners,"4,65,424",17-02-2019 08:31,Church Banners,https://www.bannerbuzz.com.au/church-banners/p,BBVBCB02,Default,"Catalog, Search",Enable
bannerbuzz.co.uk,Banners,Vinyl Banners,Interest Group Banners,"4,65,424",17-02-2019 08:31,Church Banners,https://www.bannerbuzz.co.uk/church-banners/p,BBVBCB02,Default,"Catalog, Search",Enable
bannerbuzz.ca,Banners,Vinyl Banners,Interest Group Banners,"4,65,424",17-02-2019 08:31,Church Banners,https://www.bannerbuzz.ca/church-banners/p,BBVBCB02,Default,"Catalog, Search",Enable
bannerbuzz.nz,Banners,Vinyl Banners,Interest Group Banners,"4,65,424",17-02-2019 08:31,Church Banners,https://www.bannerbuzz.co.nz/church-banners/p,BBVBCB02,Default,"Catalog, Search",Enable
bestofsigns.com,Banners,Custom Vinyl Banners,Special Banners,"4,65,424",17-02-2019 08:31,Church Banners,https://www.bestofsigns.com/church-banners.html,BBVBCB02,Default,"Catalog, Search",Enable
bannerbuzz.com,Banners,Vinyl Banners,Event Banners,"4,65,425",17-02-2019 08:31,Party Banners,https://www.bannerbuzz.com/party-banners/p,BBRMPB01,Default,"Catalog, Search",Enable
bannerbuzz.com.au,Banners,Vinyl Banners,Event Banners,"4,65,425",17-02-2019 08:31,Party Banners,https://www.bannerbuzz.com.au/party-banners/p,BBRMPB01,Default,"Catalog, Search",Enable
bannerbuzz.co.uk,Banners,Vinyl Banners,Event Banners,"4,65,425",17-02-2019 08:31,Party Banners,https://www.bannerbuzz.co.uk/party-banners/p,BBRMPB01,Default,"Catalog, Search",Enable
bannerbuzz.ca,Banners,Vinyl Banners,Event Banners,"4,65,425",17-02-2019 08:31,Party Banners,https://www.bannerbuzz.ca/party-banners/p,BBRMPB01,Default,"Catalog, Search",Enable
bannerbuzz.nz,Banners,Vinyl Banners,Event Banners,"4,65,425",17-02-2019 08:31,Party Banners,https://www.bannerbuzz.co.nz/party-banners/p,BBRMPB01,Default,"Catalog, Search",Enable
bestofsigns.com,Banners,Custom Vinyl Banners,Event Banners,"4,65,425",17-02-2019 08:31,Party Banners,https://www.bestofsigns.com/party-banners.html,BBRMPB01,Default,"Catalog, Search",Enable
bannerbuzz.com,Banners,Vinyl Banners,Interest Group Banners,"4,65,426",17-02-2019 08:31,Band Banners,https://www.bannerbuzz.com/band-banners/p,BBVBCB03,Default,"Catalog, Search",Enable
bannerbuzz.com.au,Banners,Vinyl Banners,Interest Group Banners,"4,65,426",17-02-2019 08:31,Band Banners,https://www.bannerbuzz.com.au/band-banners/p,BBVBCB03,Default,"Catalog, Search",Enable
bannerbuzz.co.uk,Banners,Vinyl Banners,Interest Group Banners,"4,65,426",17-02-2019 08:31,Band Banners,https://www.bannerbuzz.co.uk/band-banners/p,BBVBCB03,Default,"Catalog, Search",Enable
bannerbuzz.ca,Banners,Vinyl Banners,Interest Group Banners,"4,65,426",17-02-2019 08:31,Band Banners,https://www.bannerbuzz.ca/band-banners/p,BBVBCB03,Default,"Catalog, Search",Enable
bannerbuzz.nz,Banners,Vinyl Banners,Interest Group Banners,"4,65,426",17-02-2019 08:31,Band Banners,https://www.bannerbuzz.co.nz/band-banners/p,BBVBCB03,Default,"Catalog, Search",Enable
bestofsigns.com,Banners,Custom Vinyl Banners,Event Banners,"4,65,426",17-02-2019 08:31,Band Banners,https://www.bestofsigns.com/band-banners.html,BBVBCB03,Default,"Catalog, Search",Enable
bannerbuzz.com,Banners,Vinyl Banners,Event Banners,"4,65,427",17-02-2019 08:31,Reunion Banners,https://www.bannerbuzz.com/reunion-banners/p,BBVBCB04,Default,"Catalog, Search",Enable
bannerbuzz.com.au,Banners,Vinyl Banners,Event Banners,"4,65,427",17-02-2019 08:31,Reunion Banners,https://www.bannerbuzz.com.au/reunion-banners/p,BBVBCB04,Default,"Catalog, Search",Enable
bannerbuzz.co.uk,Banners,Vinyl Banners,Event Banners,"4,65,427",17-02-2019 08:31,Reunion Banners,https://www.bannerbuzz.co.uk/reunion-banners/p,BBVBCB04,Default,"Catalog, Search",Enable
bannerbuzz.ca,Banners,Vinyl Banners,Event Banners,"4,65,427",17-02-2019 08:31,Reunion Banners,https://www.bannerbuzz.ca/reunion-banners/p,BBVBCB04,Default,"Catalog, Search",Enable
bannerbuzz.nz,Banners,Vinyl Banners,Event Banners,"4,65,427",17-02-2019 08:31,Reunion Banners,https://www.bannerbuzz.co.nz/reunion-banners/p,BBVBCB04,Default,"Catalog, Search",Enable
bestofsigns.com,Banners,Custom Vinyl Banners,Event Banners,"4,65,427",17-02-2019 08:31,Reunion Banners,https://www.bestofsigns.com/reunion-banners.html,BBVBCB04,Default,"Catalog, Search",Enable
bannerbuzz.com,Banners,Vinyl Banners,Interest Group Banners,"4,65,428",17-02-2019 08:31,Photo Banners,https://www.bannerbuzz.com/photo-banners/p,BBVBCB05,Default,"Catalog, Search",Enable
bannerbuzz.com.au,Banners,Vinyl Banners,Interest Group Banners,"4,65,428",17-02-2019 08:31,Photo Banners,https://www.bannerbuzz.com.au/photo-banners/p,BBVBCB05,Default,"Catalog, Search",Enable
bannerbuzz.co.uk,Banners,Vinyl Banners,Interest Group Banners,"4,65,428",17-02-2019 08:31,Photo Banners,https://www.bannerbuzz.co.uk/photo-banners/p,BBVBCB05,Default,"Catalog, Search",Enable
bannerbuzz.ca,Banners,Vinyl Banners,Interest Group Banners,"4,65,428",17-02-2019 08:31,Photo Banners,https://www.bannerbuzz.ca/photo-banners/p,BBVBCB05,Default,"Catalog, Search",Enable
bannerbuzz.nz,Banners,Vinyl Banners,Interest Group Banners,"4,65,428",17-02-2019 08:31,Photo Banners,https://www.bannerbuzz.co.nz/photo-banners/p,BBVBCB05,Default,"Catalog, Search",Enable
bestofsigns.com,Banners,Custom Vinyl Banners,Special Banners,"4,65,428",17-02-2019 08:31,Photo Banners,https://www.bestofsigns.com/photo-banners.html,BBVBCB05,Default,"Catalog, Search",Enable
bannerbuzz.com,Banners,Vinyl Banners,Interest Group Banners,"4,65,429",17-02-2019 08:31,School Banners,https://www.bannerbuzz.com/school-banners/p,BBRMSB01,Default,"Catalog, Search",Enable
bannerbuzz.com.au,Banners,Vinyl Banners,Interest Group Banners,"4,65,429",17-02-2019 08:31,School Banners,https://www.bannerbuzz.com.au/school-banners/p,BBRMSB01,Default,"Catalog, Search",Enable
bannerbuzz.co.uk,Banners,Vinyl Banners,Interest Group Banners,"4,65,429",17-02-2019 08:31,School Banners,https://www.bannerbuzz.co.uk/school-banners/p,BBRMSB01,Default,"Catalog, Search",Enable
bannerbuzz.ca,Banners,Vinyl Banners,Interest Group Banners,"4,65,429",17-02-2019 08:31,School Banners,https://www.bannerbuzz.ca/school-banners/p,BBRMSB01,Default,"Catalog, Search",Enable
bannerbuzz.nz,Banners,Vinyl Banners,Interest Group Banners,"4,65,429",17-02-2019 08:31,School Banners,https://www.bannerbuzz.co.nz/school-banners/p,BBRMSB01,Default,"Catalog, Search",Enable
bestofsigns.com,Banners,Custom Vinyl Banners,Special Banners,"4,65,429",17-02-2019 08:31,School Banners,https://www.bestofsigns.com/school-banners.html,BBRMSB01,Default,"Catalog, Search",Enable
bannerbuzz.com,Banners,Vinyl Banners,Event Banners,"4,65,430",17-02-2019 08:31,Graduation Banners,https://www.bannerbuzz.com/graduation-banners/p,BBVBCB06,Default,"Catalog, Search",Enable
bannerbuzz.com.au,Banners,Vinyl Banners,Event Banners,"4,65,430",17-02-2019 08:31,Graduation Banners,https://www.bannerbuzz.com.au/graduation-banners/p,BBVBCB06,Default,"Catalog, Search",Enable
bannerbuzz.co.uk,Banners,Vinyl Banners,Event Banners,"4,65,430",17-02-2019 08:31,Graduation Banners,https://www.bannerbuzz.co.uk/graduation-banners/p,BBVBCB06,Default,"Catalog, Search",Enable
bannerbuzz.ca,Banners,Vinyl Banners,Event Banners,"4,65,430",17-02-2019 08:31,Graduation Banners,https://www.bannerbuzz.ca/graduation-banners/p,BBVBCB06,Default,"Catalog, Search",Enable
bannerbuzz.nz,Banners,Vinyl Banners,Event Banners,"4,65,430",17-02-2019 08:31,Graduation Banners,https://www.bannerbuzz.co.nz/graduation-banners/p,BBVBCB06,Default,"Catalog, Search",Enable
bestofsigns.com,Banners,Custom Vinyl Banners,Event Banners,"4,65,430",17-02-2019 08:31,Graduation Banners,https://www.bestofsigns.com/graduation-banners.html,BBVBCB06,Default,"Catalog, Search",Enable
bannerbuzz.com,Banners,Vinyl Banners,Special Banners,"4,65,431",17-02-2019 08:31,Matte Banners,https://www.bannerbuzz.com/matte-banners/p,BBVBCB10,Default,"Catalog, Search",Enable
bannerbuzz.com.au,Banners,Vinyl Banners,Special Banners,"4,65,431",17-02-2019 08:31,Matte Banners,https://www.bannerbuzz.com.au/matte-banners/p,BBVBCB10,Default,"Catalog, Search",Enable
bannerbuzz.co.uk,Banners,Vinyl Banners,Special Banners,"4,65,431",17-02-2019 08:31,Matte Banners,https://www.bannerbuzz.co.uk/matte-banners/p,BBVBCB10,Default,"Catalog, Search",Enable
bannerbuzz.ca,Banners,Vinyl Banners,Special Banners,"4,65,431",17-02-2019 08:31,Matte Banners,https://www.bannerbuzz.ca/matte-banners/p,BBVBCB10,Default,"Catalog, Search",Enable
bannerbuzz.nz,Banners,Vinyl Banners,Special Banners,"4,65,431",17-02-2019 08:31,Matte Banners,https://www.bannerbuzz.co.nz/matte-banners/p,BBVBCB10,Default,"Catalog, Search",Enable
bestofsigns.com,Banners,Custom Vinyl Banners,Special Banners,"4,65,431",17-02-2019 08:31,Matte Banners,https://www.bestofsigns.com/matte-banners.html,BBVBCB10,Default,"Catalog, Search",Enable
bannerbuzz.com,Banners,Vinyl Banners,,"4,65,432",17-02-2019 08:31,Pole Banners,https://www.bannerbuzz.com/pole-banners/p,BBPOLB01,Default,"Catalog, Search",Enable
bannerbuzz.com.au,Banners,Vinyl Banners,,"4,65,432",17-02-2019 08:31,Pole Banners,https://www.bannerbuzz.com.au/pole-banners/p,BBPOLB01,Default,"Catalog, Search",Enable
bannerbuzz.co.uk,Banners,Vinyl Banners,,"4,65,432",17-02-2019 08:31,Pole Banners,https://www.bannerbuzz.co.uk/pole-banners/p,BBPOLB01,Default,"Catalog, Search",Enable
bannerbuzz.ca,Banners,Vinyl Banners,,"4,65,432",17-02-2019 08:31,Pole Banners,https://www.bannerbuzz.ca/pole-banners/p,BBPOLB01,Default,"Catalog, Search",Enable
bannerbuzz.nz,Banners,Vinyl Banners,,"4,65,432",17-02-2019 08:31,Pole Banners,https://www.bannerbuzz.co.nz/pole-banners/p,BBPOLB01,Default,"Catalog, Search",Enable
bestofsigns.com,Banners,Custom Vinyl Banners,,"4,65,432",17-02-2019 08:31,Pole Banners,https://www.bestofsigns.com/pole-banners.html,BBPOLB01,Default,"Catalog, Search",Enable
bannerbuzz.com,Banners,Vinyl Banners,Interest Group Banners,"4,65,433",17-02-2019 08:31,Street Banners,https://www.bannerbuzz.com/street-banners/p,BBVBOB01,Default,"Catalog, Search",Enable
bannerbuzz.com.au,Banners,Vinyl Banners,Interest Group Banners,"4,65,433",17-02-2019 08:31,Street Banners,https://www.bannerbuzz.com.au/street-banners/p,BBVBOB01,Default,"Catalog, Search",Enable
bannerbuzz.co.uk,Banners,Vinyl Banners,Interest Group Banners,"4,65,433",17-02-2019 08:31,Road Banners,https://www.bannerbuzz.co.uk/street-banners/p,BBVBOB01,Default,"Catalog, Search",Enable
bannerbuzz.ca,Banners,Vinyl Banners,Interest Group Banners,"4,65,433",17-02-2019 08:31,Street Banners,https://www.bannerbuzz.ca/street-banners/p,BBVBOB01,Default,"Catalog, Search",Enable
bannerbuzz.nz,Banners,Vinyl Banners,Interest Group Banners,"4,65,433",17-02-2019 08:31,Street Banners,https://www.bannerbuzz.co.nz/street-banners/p,BBVBOB01,Default,"Catalog, Search",Enable
bestofsigns.com,Banners,Custom Vinyl Banners,Interest Group Banners,"4,65,433",17-02-2019 08:31,Street Banners,https://www.bestofsigns.com/street-banners.html,BBVBOB01,Default,"Catalog, Search",Enable
bannerbuzz.com,Banners,Vinyl Banners,Interest Group Banners,"4,65,434",17-02-2019 08:31,Team Banners,https://www.bannerbuzz.com/team-banners/p,BBVBPB01,Default,"Catalog, Search",Enable
bannerbuzz.com.au,Banners,Vinyl Banners,Interest Group Banners,"4,65,434",17-02-2019 08:31,Team Banners,https://www.bannerbuzz.com.au/team-banners/p,BBVBPB01,Default,"Catalog, Search",Enable
bannerbuzz.co.uk,Banners,Vinyl Banners,Interest Group Banners,"4,65,434",17-02-2019 08:31,Team Banners,https://www.bannerbuzz.co.uk/team-banners/p,BBVBPB01,Default,"Catalog, Search",Enable
bannerbuzz.ca,Banners,Vinyl Banners,Interest Group Banners,"4,65,434",17-02-2019 08:31,Team Banners,https://www.bannerbuzz.ca/team-banners/p,BBVBPB01,Default,"Catalog, Search",Enable
bannerbuzz.nz,Banners,Vinyl Banners,Interest Group Banners,"4,65,434",17-02-2019 08:31,Team Banners,https://www.bannerbuzz.co.nz/team-banners/p,BBVBPB01,Default,"Catalog, Search",Enable
bestofsigns.com,Banners,Custom Vinyl Banners,Special Banners,"4,65,434",17-02-2019 08:31,Team Banners,https://www.bestofsigns.com/team-banners.html,BBVBPB01,Default,"Catalog, Search",Enable
bannerbuzz.com,Banners,Vinyl Banners,Interest Group Banners,"4,65,435",17-02-2019 08:31,Sports Banners,https://www.bannerbuzz.com/sports-banners/p,BBRMSS01,Default,"Catalog, Search",Enable
bannerbuzz.com.au,Banners,Vinyl Banners,Interest Group Banners,"4,65,435",17-02-2019 08:31,Sports Banners,https://www.bannerbuzz.com.au/sports-banners/p,BBRMSS01,Default,"Catalog, Search",Enable
bannerbuzz.co.uk,Banners,Vinyl Banners,Interest Group Banners,"4,65,435",17-02-2019 08:31,Sports Banners,https://www.bannerbuzz.co.uk/sports-banners/p,BBRMSS01,Default,"Catalog, Search",Enable
bannerbuzz.ca,Banners,Vinyl Banners,Interest Group Banners,"4,65,435",17-02-2019 08:31,Sports Banners,https://www.bannerbuzz.ca/sports-banners/p,BBRMSS01,Default,"Catalog, Search",Enable
bannerbuzz.nz,Banners,Vinyl Banners,Interest Group Banners,"4,65,435",17-02-2019 08:31,Sports Banners,https://www.bannerbuzz.co.nz/sports-banners/p,BBRMSS01,Default,"Catalog, Search",Enable
bestofsigns.com,Banners,Custom Vinyl Banners,Event Banners,"4,65,435",17-02-2019 08:31,Sports Banners,https://www.bestofsigns.com/sports-banners.html,BBRMSS01,Default,"Catalog, Search",Enable
bannerbuzz.com,Banners,Vinyl Banners,Interest Group Banners,"4,65,436",17-02-2019 08:31,Soccer Banners,https://www.bannerbuzz.com/soccer-banners/p,BBVBSB01,Default,"Catalog, Search",Enable
bannerbuzz.com.au,Banners,Vinyl Banners,Interest Group Banners,"4,65,436",17-02-2019 08:31,Soccer Banners,https://www.bannerbuzz.com.au/soccer-banners/p,BBVBSB01,Default,"Catalog, Search",Enable
bannerbuzz.co.uk,Banners,Vinyl Banners,Interest Group Banners,"4,65,436",17-02-2019 08:31,Football Banners,https://www.bannerbuzz.co.uk/soccer-banners/p,BBVBSB01,Default,"Catalog, Search",Enable
bannerbuzz.ca,Banners,Vinyl Banners,Interest Group Banners,"4,65,436",17-02-2019 08:31,Soccer Banners,https://www.bannerbuzz.ca/soccer-banners/p,BBVBSB01,Default,"Catalog, Search",Enable
bannerbuzz.nz,Banners,Vinyl Banners,Interest Group Banners,"4,65,436",17-02-2019 08:31,Soccer Banners,https://www.bannerbuzz.co.nz/soccer-banners/p,BBVBSB01,Default,"Catalog, Search",Enable
bestofsigns.com,Banners,Custom Vinyl Banners,Event Banners,"4,65,436",17-02-2019 08:31,Football Banners,https://www.bestofsigns.com/soccer-banners.html,BBVBSB01,Default,"Catalog, Search",Enable
bannerbuzz.com,Banners,Vinyl Banners,Interest Group Banners,"4,65,437",17-02-2019 08:31,Military Banners,https://www.bannerbuzz.com/military-banners/p,BBVBMB01,Default,"Catalog, Search",Enable
bannerbuzz.com.au,Banners,Vinyl Banners,Interest Group Banners,"4,65,437",17-02-2019 08:31,Military Banners,https://www.bannerbuzz.com.au/military-banners/p,BBVBMB01,Default,"Catalog, Search",Enable
bannerbuzz.co.uk,Banners,Vinyl Banners,Interest Group Banners,"4,65,437",17-02-2019 08:31,Military Banners,https://www.bannerbuzz.co.uk/military-banners/p,BBVBMB01,Default,"Catalog, Search",Enable
bannerbuzz.ca,Banners,Vinyl Banners,Interest Group Banners,"4,65,437",17-02-2019 08:31,Military Banners,https://www.bannerbuzz.ca/military-banners/p,BBVBMB01,Default,"Catalog, Search",Enable
bannerbuzz.nz,Banners,Vinyl Banners,Interest Group Banners,"4,65,437",17-02-2019 08:31,Military Banners,https://www.bannerbuzz.co.nz/military-banners/p,BBVBMB01,Default,"Catalog, Search",Enable
bestofsigns.com,Banners,Custom Vinyl Banners,Special Banners,"4,65,437",17-02-2019 08:31,Military Banners,https://www.bestofsigns.com/military-banners.html,BBVBMB01,Default,"Catalog, Search",Enable
bannerbuzz.com,Banners,Vinyl Banners,Interest Group Banners,"4,65,438",17-02-2019 08:31,Holiday Banners,https://www.bannerbuzz.com/holiday-banners/p,BBRMHB01,Default,"Catalog, Search",Enable
bannerbuzz.com.au,Banners,Vinyl Banners,Interest Group Banners,"4,65,438",17-02-2019 08:31,Holiday Banners,https://www.bannerbuzz.com.au/holiday-banners/p,BBRMHB01,Default,"Catalog, Search",Enable
bannerbuzz.co.uk,Banners,Vinyl Banners,Interest Group Banners,"4,65,438",17-02-2019 08:31,Holiday Banners,https://www.bannerbuzz.co.uk/holiday-banners/p,BBRMHB01,Default,"Catalog, Search",Enable
bannerbuzz.ca,Banners,Vinyl Banners,Interest Group Banners,"4,65,438",17-02-2019 08:31,Holiday Banners,https://www.bannerbuzz.ca/holiday-banners/p,BBRMHB01,Default,"Catalog, Search",Enable
bannerbuzz.nz,Banners,Vinyl Banners,Interest Group Banners,"4,65,438",17-02-2019 08:31,Holiday Banners,https://www.bannerbuzz.co.nz/holiday-banners/p,BBRMHB01,Default,"Catalog, Search",Enable
bestofsigns.com,Banners,Custom Vinyl Banners,Holiday Banners,"4,65,438",17-02-2019 08:31,Holiday Banners,https://www.bestofsigns.com/holiday-banners.html,BBRMHB01,Default,"Catalog, Search",Enable
bannerbuzz.com,Banners,Vinyl Banners,Interest Group Banners,"4,65,439",17-02-2019 08:31,Political Banners,https://www.bannerbuzz.com/political-banners/p,BBVBEB01,Default,"Catalog, Search",Enable
bannerbuzz.com.au,Banners,Vinyl Banners,Interest Group Banners,"4,65,439",17-02-2019 08:31,Political Banners,https://www.bannerbuzz.com.au/political-banners/p,BBVBEB01,Default,"Catalog, Search",Enable
bannerbuzz.co.uk,Banners,Vinyl Banners,Interest Group Banners,"4,65,439",17-02-2019 08:31,Political Banners,https://www.bannerbuzz.co.uk/political-banners/p,BBVBEB01,Default,"Catalog, Search",Enable
bannerbuzz.ca,Banners,Vinyl Banners,Interest Group Banners,"4,65,439",17-02-2019 08:31,Political Banners,https://www.bannerbuzz.ca/political-banners/p,BBVBEB01,Default,"Catalog, Search",Enable
bannerbuzz.nz,Banners,Vinyl Banners,Interest Group Banners,"4,65,439",17-02-2019 08:31,Political Banners,https://www.bannerbuzz.co.nz/political-banners/p,BBVBEB01,Default,"Catalog, Search",Enable
bestofsigns.com,Banners,Custom Vinyl Banners,Special Banners,"4,65,439",17-02-2019 08:31,Political Banners,https://www.bestofsigns.com/political-banners.html,BBVBEB01,Default,"Catalog, Search",Enable
bannerbuzz.com,Banners,Vinyl Banners,Special Banners,"4,65,440",17-02-2019 08:31,Backlit Banners,https://www.bannerbuzz.com/backlit-banners/p,BBBLIT01,Default,"Catalog, Search",Enable
bannerbuzz.com.au,Banners,Vinyl Banners,Special Banners,"4,65,440",17-02-2019 08:31,Backlit Banners,https://www.bannerbuzz.com.au/backlit-banners/p,BBBLIT01,Default,"Catalog, Search",Enable
bannerbuzz.co.uk,Banners,Vinyl Banners,Special Banners,"4,65,440",17-02-2019 08:31,Backlit Banners,https://www.bannerbuzz.co.uk/backlit-banners/p,BBBLIT01,Default,"Catalog, Search",Enable
bannerbuzz.ca,Banners,Vinyl Banners,Special Banners,"4,65,440",17-02-2019 08:31,Backlit Banners,https://www.bannerbuzz.ca/backlit-banners/p,BBBLIT01,Default,"Catalog, Search",Enable
bannerbuzz.nz,Banners,Vinyl Banners,Special Banners,"4,65,440",17-02-2019 08:31,Backlit Banners,https://www.bannerbuzz.co.nz/backlit-banners/p,BBBLIT01,Default,"Catalog, Search",Enable
bestofsigns.com,Banners,Custom Vinyl Banners,Special Banners,"4,65,440",17-02-2019 08:31,Backlit Banners,https://www.bestofsigns.com/backlit-banners.html,BBBLIT01,Default,"Catalog, Search",Enable
bannerbuzz.com,Banners,Vinyl Banners,Special Banners,"4,65,441",17-02-2019 08:31,Billboard Printing,https://www.bannerbuzz.com/billboard-printing/p,BBVBBP01,Default,"Catalog, Search",Enable
bannerbuzz.com.au,Banners,Vinyl Banners,Special Banners,"4,65,441",17-02-2019 08:31,Billboard Printing,https://www.bannerbuzz.com.au/billboard-printing/p,BBVBBP01,Default,"Catalog, Search",Enable
bannerbuzz.co.uk,Banners,Vinyl Banners,Special Banners,"4,65,441",17-02-2019 08:31,Billboard Printing,https://www.bannerbuzz.co.uk/billboard-printing/p,BBVBBP01,Default,"Catalog, Search",Enable
bannerbuzz.ca,Banners,Vinyl Banners,Special Banners,"4,65,441",17-02-2019 08:31,Billboard Printing,https://www.bannerbuzz.ca/billboard-printing/p,BBVBBP01,Default,"Catalog, Search",Enable
bannerbuzz.nz,Banners,Vinyl Banners,Special Banners,"4,65,441",17-02-2019 08:31,Billboard Printing,https://www.bannerbuzz.co.nz/billboard-printing/p,BBVBBP01,Default,"Catalog, Search",Enable
bestofsigns.com,Banners,Custom Vinyl Banners,Special Banners,"4,65,441",17-02-2019 08:31,Billboard Printing,https://www.bestofsigns.com/billboard-printing.html,BBVBBP01,Default,"Catalog, Search",Enable
bannerbuzz.com,Banners,Vinyl Banners,Event Banners,"4,65,443",17-02-2019 08:31,Step and Repeat Banners,https://www.bannerbuzz.com/step-and-repeat-banners/p,BBSTRE01,Default,"Catalog, Search",Enable
bannerbuzz.com.au,Banners,Vinyl Banners,Event Banners,"4,65,443",17-02-2019 08:31,Step and Repeat Banners,https://www.bannerbuzz.com.au/step-and-repeat-banners/p,BBSTRE01,Default,"Catalog, Search",Enable
bannerbuzz.co.uk,Banners,Vinyl Banners,Event Banners,"4,65,443",17-02-2019 08:31,Step and Repeat Banners,https://www.bannerbuzz.co.uk/step-and-repeat-banners/p,BBSTRE01,Default,"Catalog, Search",Enable
bannerbuzz.ca,Banners,Vinyl Banners,Event Banners,"4,65,443",17-02-2019 08:31,Step and Repeat Banners,https://www.bannerbuzz.ca/step-and-repeat-banners/p,BBSTRE01,Default,"Catalog, Search",Enable
bannerbuzz.nz,Banners,Vinyl Banners,Event Banners,"4,65,443",17-02-2019 08:31,Step and Repeat Banners,https://www.bannerbuzz.co.nz/step-and-repeat-banners/p,BBSTRE01,Default,"Catalog, Search",Enable
bestofsigns.com,Banners,Custom Vinyl Banners,Event Banners,"4,65,443",17-02-2019 08:31,Step and Repeat Banners,https://www.bestofsigns.com/step-and-repeat-banners.html,BBSTRE01,Default,"Catalog, Search",Enable
bannerbuzz.com,Banners,Vinyl Banners,Special Banners,"4,65,473",17-02-2019 08:31,Pre-Printed Banners,https://www.bannerbuzz.com/pre-printed-vinyl-banners/p,BBVBCB07,Default,"Catalog, Search",Enable
bannerbuzz.com.au,Banners,Vinyl Banners,Special Banners,"4,65,473",17-02-2019 08:31,Pre-Printed Banners,https://www.bannerbuzz.com.au/pre-printed-banners/p,BBVBCB07,Default,"Catalog, Search",Enable
bannerbuzz.co.uk,Banners,Vinyl Banners,Special Banners,"4,65,473",17-02-2019 08:31,Pre-Printed Banners,https://www.bannerbuzz.co.uk/pre-printed-vinyl-banners/p,BBVBCB07,Default,"Catalog, Search",Enable
bannerbuzz.ca,Banners,Vinyl Banners,Special Banners,"4,65,473",17-02-2019 08:31,Pre-Printed Banners,https://www.bannerbuzz.ca/pre-printed-banners/p,BBVBCB07,Default,"Catalog, Search",Enable
bannerbuzz.nz,Banners,Vinyl Banners,Special Banners,"4,65,473",17-02-2019 08:31,Pre-Printed Banners,https://www.bannerbuzz.co.nz/pre-printed-banners/p,BBVBCB07,Default,"Catalog, Search",Enable
bestofsigns.com,Banners,Custom Vinyl Banners,Special Banners,"4,65,473",17-02-2019 08:31,Pre-Printed Banners,https://www.bestofsigns.com/pre-printed-vinyl-banners.html,BBVBCB07,Default,"Catalog, Search",Enable
bannerbuzz.com,Banners,Vinyl Banners,Special Banners,"4,65,495",17-02-2019 08:31,Breakaway Banners,https://www.bannerbuzz.com/breakaway-banners/p,BBBRAW01,Default,"Catalog, Search",Enable
bannerbuzz.com.au,Banners,Vinyl Banners,Special Banners,"4,65,495",17-02-2019 08:31,Breakaway Banners,https://www.bannerbuzz.com.au/breakaway-banners/p,BBBRAW01,Default,"Catalog, Search",Enable
bannerbuzz.co.uk,Banners,Vinyl Banners,Special Banners,"4,65,495",17-02-2019 08:31,Breakaway Banners,https://www.bannerbuzz.co.uk/breakaway-banners/p,BBBRAW01,Default,"Catalog, Search",Enable
bannerbuzz.ca,Banners,Vinyl Banners,Special Banners,"4,65,495",17-02-2019 08:31,Breakaway Banners,https://www.bannerbuzz.ca/breakaway-banners/p,BBBRAW01,Default,"Catalog, Search",Enable
bannerbuzz.nz,Banners,Vinyl Banners,Special Banners,"4,65,495",17-02-2019 08:31,Breakaway Banners,https://www.bannerbuzz.co.nz/breakaway-banners/p,BBBRAW01,Default,"Catalog, Search",Enable
bestofsigns.com,Banners,Custom Vinyl Banners,Event Banners,"4,65,495",17-02-2019 08:31,Breakaway Banners,https://www.bestofsigns.com/breakaway-banners.html,BBBRAW01,Default,"Catalog, Search",Enable
bannerbuzz.com,Banners,Vinyl Banners,Special Banners,"4,65,613",17-02-2019 08:31,Heavy Duty Premium Banners,https://www.bannerbuzz.com/heavy-duty-premium-banners/p,BBRDHD01,Default,"Catalog, Search",Enable
bannerbuzz.com.au,Banners,Vinyl Banners,Special Banners,"4,65,613",17-02-2019 08:31,Heavy Duty Premium Banners,https://www.bannerbuzz.com.au/heavy-duty-premium-banners/p,BBRDHD01,Default,"Catalog, Search",Enable
bannerbuzz.co.uk,Banners,Vinyl Banners,Special Banners,"4,65,613",17-02-2019 08:31,Heavy Duty Premium Banners,https://www.bannerbuzz.co.uk/heavy-duty-premium-banners/p,BBRDHD01,Default,"Catalog, Search",Enable
bannerbuzz.ca,Banners,Vinyl Banners,Special Banners,"4,65,613",17-02-2019 08:31,Heavy Duty Premium Banners,https://www.bannerbuzz.ca/heavy-duty-premium-banners/p,BBRDHD01,Default,"Catalog, Search",Enable
bannerbuzz.nz,Banners,Vinyl Banners,Special Banners,"4,65,613",17-02-2019 08:31,Heavy Duty Premium Banners,https://www.bannerbuzz.co.nz/heavy-duty-premium-banners/p,BBRDHD01,Default,"Catalog, Search",Enable
bestofsigns.com,Banners,Custom Vinyl Banners,Special Banners,"4,65,613",17-02-2019 08:31,Heavy Duty Premium Banners,https://www.bestofsigns.com/heavy-duty-premium-banners.html,BBRDHD01,Default,"Catalog, Search",Enable
bannerbuzz.com,Banners,Vinyl Banners,Special Banners,"4,65,694",17-02-2019 08:31,Vinyl Mesh Banners,https://www.bannerbuzz.com/vinyl-mesh-banners/p,BBMESB01,Default,"Catalog, Search",Enable
bannerbuzz.com.au,Banners,Vinyl Banners,Special Banners,"4,65,694",17-02-2019 08:31,Vinyl Mesh Banners,https://www.bannerbuzz.com.au/vinyl-mesh-banners/p,BBMESB01,Default,"Catalog, Search",Enable
bannerbuzz.co.uk,Banners,Vinyl Banners,Special Banners,"4,65,694",17-02-2019 08:31,Vinyl Mesh Banners,https://www.bannerbuzz.co.uk/vinyl-mesh-banners/p,BBMESB01,Default,"Catalog, Search",Enable
bannerbuzz.ca,Banners,Vinyl Banners,Special Banners,"4,65,694",17-02-2019 08:31,Vinyl Mesh Banners,https://www.bannerbuzz.ca/vinyl-mesh-banners/p,BBMESB01,Default,"Catalog, Search",Enable
bannerbuzz.nz,Banners,Vinyl Banners,Special Banners,"4,65,694",17-02-2019 08:31,Vinyl Mesh Banners,https://www.bannerbuzz.co.nz/vinyl-mesh-banners/p,BBMESB01,Default,"Catalog, Search",Enable
bestofsigns.com,Banners,Custom Vinyl Banners,Special Banners,"4,65,694",17-02-2019 08:31,Vinyl Mesh Banners,https://www.bestofsigns.com/vinyl-mesh-banners.html,BBMESB01,Default,"Catalog, Search",Enable
bannerbuzz.com,Banners,Vinyl Banners,Event Banners,"4,66,159",17-02-2019 08:31,Homecoming Banners,https://www.bannerbuzz.com/homecoming-banners/p,BBVBHC01,Default,"Catalog, Search",Enable
bannerbuzz.com.au,Banners,Vinyl Banners,Event Banners,"4,66,159",17-02-2019 08:31,Homecoming Banners,https://www.bannerbuzz.com.au/homecoming-banners/p,BBVBHC01,Default,"Catalog, Search",Enable
bannerbuzz.co.uk,Banners,Vinyl Banners,Event Banners,"4,66,159",17-02-2019 08:31,Homecoming Banners,https://www.bannerbuzz.co.uk/homecoming-banners/p,BBVBHC01,Default,"Catalog, Search",Enable
bannerbuzz.ca,Banners,Vinyl Banners,Event Banners,"4,66,159",17-02-2019 08:31,Homecoming Banners,https://www.bannerbuzz.ca/homecoming-banners/p,BBVBHC01,Default,"Catalog, Search",Enable
bannerbuzz.nz,Banners,Vinyl Banners,Event Banners,"4,66,159",17-02-2019 08:31,Homecoming Banners,https://www.bannerbuzz.co.nz/homecoming-banners/p,BBVBHC01,Default,"Catalog, Search",Enable
bestofsigns.com,Banners,Custom Vinyl Banners,Event Banners,"4,66,159",17-02-2019 08:31,Homecoming Banners,https://www.bestofsigns.com/homecoming-banners.html,BBVBHC01,Default,"Catalog, Search",Enable
bannerbuzz.com,Banners,Vinyl Banners,Business Banners,"4,66,427",17-02-2019 08:31,8x8 Step and Repeat Banners - Graphic,https://www.bannerbuzz.com/8x8-step-and-repeat-banner-graphic/p,BB8SRB01-G,Default,Not Visible Individually,Enable
bannerbuzz.com.au,Banners,Vinyl Banners,Business Banners,"4,66,427",17-02-2019 08:31,2.5 m x 2.5 m Media Wall - Step and Repeat Event Backdrops - Graphic,https://www.bannerbuzz.com.au/8x8-step-and-repeat-banner-graphic/p,BB8SRB01-G,Default,Not Visible Individually,Enable
bannerbuzz.co.uk,Banners,Vinyl Banners,Business Banners,"4,66,427",17-02-2019 08:31,2.4 m x 2.4 m Step and Repeat Banners - Graphic,https://www.bannerbuzz.co.uk/8x8-step-and-repeat-banner-graphic/p,BB8SRB01-G,Default,Not Visible Individually,Enable
bannerbuzz.ca,Banners,Vinyl Banners,Business Banners,"4,66,427",17-02-2019 08:31,8x8 Step and Repeat Banners - Graphic,https://www.bannerbuzz.ca/8x8-step-and-repeat-banner-graphic/p,BB8SRB01-G,Default,Not Visible Individually,Enable
bannerbuzz.nz,Banners,Vinyl Banners,Business Banners,"4,66,427",17-02-2019 08:31,2.4 m x 2.4 m Media Wall - Step and Repeat Event Backdrops - Graphic,https://www.bannerbuzz.co.nz/8x8-step-and-repeat-banner-graphic/p,BB8SRB01-G,Default,Not Visible Individually,Enable
bestofsigns.com,Banners,Custom Vinyl Banners,Event Banners,"4,66,427",17-02-2019 08:31,8x8 Step And Repeat Banners - Graphic,https://www.bestofsigns.com/8x8-step-and-repeat-banner-graphic.html,BB8SRB01-G,Default,Not Visible Individually,Enable
bannerbuzz.com,Banners,Vinyl Banners,Business Banners,"4,66,428",17-02-2019 08:31,8x8 Step and Repeat Banner - Hardware,https://www.bannerbuzz.com/8x8-step-and-repeat-banner-hardware/p,BB8SRB01-H,Default,Not Visible Individually,Enable
bannerbuzz.com.au,Banners,Vinyl Banners,Business Banners,"4,66,428",17-02-2019 08:31,2.5 m x 2.5 m Media Wall - Step and Repeat Event Backdrops - Hardware,https://www.bannerbuzz.com.au/8x8-step-and-repeat-banner-hardware/p,BB8SRB01-H,Default,Not Visible Individually,Enable
bannerbuzz.co.uk,Banners,Vinyl Banners,Business Banners,"4,66,428",17-02-2019 08:31,2.4 m x 2.4 m Step and Repeat Banner - Hardware,https://www.bannerbuzz.co.uk/8x8-step-and-repeat-banner-hardware/p,BB8SRB01-H,Default,Not Visible Individually,Enable
bannerbuzz.ca,Banners,Vinyl Banners,Business Banners,"4,66,428",17-02-2019 08:31,8x8 Step and Repeat Banner - Hardware,https://www.bannerbuzz.ca/8x8-step-and-repeat-banner-hardware/p,BB8SRB01-H,Default,Not Visible Individually,Enable
bannerbuzz.nz,Banners,Vinyl Banners,Business Banners,"4,66,428",17-02-2019 08:31,2.4 m x 2.4 m Media Wall - Step and Repeat Event Backdrops - Hardware,https://www.bannerbuzz.co.nz/8x8-step-and-repeat-banner-hardware/p,BB8SRB01-H,Default,Not Visible Individually,Enable
bestofsigns.com,Banners,Custom Vinyl Banners,Event Banners,"4,66,428",17-02-2019 08:31,8x8 Step and Repeat Banner - Hardware,https://www.bestofsigns.com/8x8-step-and-repeat-banner-hardware.html,BB8SRB01-H,Default,Not Visible Individually,Enable
bannerbuzz.com,Banners,Vinyl Banners,Business Banners,"4,66,757",07-04-2019 12:08,8x8 Step and Repeat Fabric Banners - Graphic,https://www.bannerbuzz.com/8x8-step-and-repeat-fabric-banner-graphic/p,BB8SRB02-G,Default,Not Visible Individually,Enable
bannerbuzz.com.au,Banners,Vinyl Banners,Business Banners,"4,66,757",07-04-2019 12:08,2.5 m x 2.5 m Step and Repeat Fabric Banners - Graphic,https://www.bannerbuzz.com.au/8x8-step-and-repeat-fabric-banner-graphic/p,BB8SRB02-G,Default,Not Visible Individually,Enable
bannerbuzz.co.uk,Banners,Vinyl Banners,Business Banners,"4,66,757",07-04-2019 12:08,2.4 m x 2.4 m Step and Repeat Fabric Banners - Graphic,https://www.bannerbuzz.co.uk/8x8-step-and-repeat-fabric-banner-graphic/p,BB8SRB02-G,Default,Not Visible Individually,Enable
bannerbuzz.ca,Banners,Vinyl Banners,Business Banners,"4,66,757",07-04-2019 12:08,8x8 Step and Repeat Fabric Banners - Graphic,https://www.bannerbuzz.ca/8x8-step-and-repeat-fabric-banner-graphic/p,BB8SRB02-G,Default,Not Visible Individually,Enable
bannerbuzz.nz,Banners,Vinyl Banners,Business Banners,"4,66,757",07-04-2019 12:08,2.4 m x 2.4 m Step and Repeat Fabric Banners - Graphic,https://www.bannerbuzz.co.nz/8x8-step-and-repeat-fabric-banner-graphic/p,BB8SRB02-G,Default,Not Visible Individually,Enable
bannerbuzz.co.uk,Banners,Vinyl Banners,Business Banners,"4,66,961",09-06-2019 04:22,PVC Banners,https://www.bannerbuzz.co.uk/pvc-banners/p,BBPVCB00,Default,"Catalog, Search",Enable
bannerbuzz.com,Banners,Vinyl Banners,,"4,68,251",15-10-2019 06:17,Halloween Custom Vinyl Banners,https://www.bannerbuzz.com/halloween-custom-vinyl-banners/p,BBHVBCB00,Default,"Catalog, Search",Enable
bannerbuzz.com.au,Banners,Vinyl Banners,,"4,68,251",15-10-2019 06:17,Halloween Custom Vinyl Banners,https://www.bannerbuzz.com.au/halloween-custom-vinyl-banners/p,BBHVBCB00,Default,"Catalog, Search",Enable
bannerbuzz.co.uk,Banners,Vinyl Banners,,"4,68,251",15-10-2019 06:17,Halloween Custom Vinyl Banners,https://www.bannerbuzz.co.uk/halloween-custom-vinyl-banners/p,BBHVBCB00,Default,"Catalog, Search",Enable
bannerbuzz.ca,Banners,Vinyl Banners,,"4,68,251",15-10-2019 06:17,Halloween Custom Vinyl Banners,https://www.bannerbuzz.ca/halloween-custom-vinyl-banners/p,BBHVBCB00,Default,"Catalog, Search",Enable
bannerbuzz.nz,Banners,Vinyl Banners,,"4,68,251",15-10-2019 06:17,Halloween Custom Vinyl Banners,https://www.bannerbuzz.co.nz/halloween-custom-vinyl-banners/p,BBHVBCB00,Default,"Catalog, Search",Enable
bannerbuzz.com,Banners,Vinyl Banners,,"4,68,274",15-10-2019 07:41,Halloween Step and Repeat Banners,https://www.bannerbuzz.com/halloween-step-and-repeat-banners/p,BBHSTRE01,Default,"Catalog, Search",Enable
bannerbuzz.com.au,Banners,Vinyl Banners,,"4,68,274",15-10-2019 07:41,Halloween Media Walls - Step and Repeat Event Backdrops,https://www.bannerbuzz.com.au/halloween-step-and-repeat-banners/p,BBHSTRE01,Default,"Catalog, Search",Enable
bannerbuzz.co.uk,Banners,Vinyl Banners,,"4,68,274",15-10-2019 07:41,Halloween Step and Repeat Banners,https://www.bannerbuzz.co.uk/halloween-step-and-repeat-banners/p,BBHSTRE01,Default,"Catalog, Search",Enable
bannerbuzz.ca,Banners,Vinyl Banners,,"4,68,274",15-10-2019 07:41,Halloween Step and Repeat Banners,https://www.bannerbuzz.ca/halloween-step-and-repeat-banners/p,BBHSTRE01,Default,"Catalog, Search",Enable
bannerbuzz.nz,Banners,Vinyl Banners,,"4,68,274",15-10-2019 07:41,Halloween Step And Repeat Banners,https://www.bannerbuzz.co.nz/halloween-step-and-repeat-banners/p,BBHSTRE01,Default,"Catalog, Search",Enable
bestofsigns.com,Banners,Custom Vinyl Banners,,"4,68,274",15-10-2019 07:41,Halloween Step and Repeat Banners,https://www.bestofsigns.com/halloween-step-and-repeat-banners.html,BBHSTRE01,Default,"Catalog, Search",Enable
bannerbuzz.com,Banners,Vinyl Banners,Event Banners,"4,68,513",17-11-2019 05:27,Easter Banners,https://www.bannerbuzz.com/easter-banners/p,BBVBEB06,Default,"Catalog, Search",Enable
bannerbuzz.com.au,Banners,Vinyl Banners,Event Banners,"4,68,513",17-11-2019 05:27,Easter Banners,https://www.bannerbuzz.com.au/easter-banners/p,BBVBEB06,Default,"Catalog, Search",Enable
bannerbuzz.co.uk,Banners,Vinyl Banners,Event Banners,"4,68,513",17-11-2019 05:27,Easter Banners,https://www.bannerbuzz.co.uk/easter-banners/p,BBVBEB06,Default,"Catalog, Search",Enable
bannerbuzz.ca,Banners,Vinyl Banners,Event Banners,"4,68,513",17-11-2019 05:27,Easter Banners,https://www.bannerbuzz.ca/easter-banners/p,BBVBEB06,Default,"Catalog, Search",Enable
bannerbuzz.nz,Banners,Vinyl Banners,Event Banners,"4,68,513",17-11-2019 05:27,Easter Banners,https://www.bannerbuzz.co.nz/easter-banners/p,BBVBEB06,Default,"Catalog, Search",Enable
bestofsigns.com,Banners,Custom Vinyl Banners,Event Banners,"4,68,513",17-11-2019 05:27,Easter Banners,https://www.bestofsigns.com/easter-banners.html,BBVBEB06,Default,"Catalog, Search",Enable
bestofsigns.com,Banners,Custom Vinyl Banners,Holiday Banners,"4,68,514",17-11-2019 05:27,Earth Day Banners,https://www.bestofsigns.com/earth-day-banners.html,BBVBEB08,Default,"Catalog, Search",Enable
bannerbuzz.com,Banners,Vinyl Banners,Event Banners,"4,68,515",17-11-2019 05:27,Father's Day Banners,https://www.bannerbuzz.com/fathers-day-banners/p,BBVBEB09,Default,"Catalog, Search",Enable
bannerbuzz.com.au,Banners,Vinyl Banners,Event Banners,"4,68,515",17-11-2019 05:27,Father's Day Banners,https://www.bannerbuzz.com.au/fathers-day-banners/p,BBVBEB09,Default,"Catalog, Search",Enable
bannerbuzz.co.uk,Banners,Vinyl Banners,Event Banners,"4,68,515",17-11-2019 05:27,Father's Day Banners,https://www.bannerbuzz.co.uk/fathers-day-banners/p,BBVBEB09,Default,"Catalog, Search",Enable
bannerbuzz.ca,Banners,Vinyl Banners,Event Banners,"4,68,515",17-11-2019 05:27,Father's Day Banners,https://www.bannerbuzz.ca/fathers-day-banners/p,BBVBEB09,Default,"Catalog, Search",Enable
bannerbuzz.nz,Banners,Vinyl Banners,Event Banners,"4,68,515",17-11-2019 05:27,Father's Day Banners,https://www.bannerbuzz.co.nz/fathers-day-banners/p,BBVBEB09,Default,"Catalog, Search",Enable
bestofsigns.com,Banners,Custom Vinyl Banners,Holiday Banners,"4,68,515",17-11-2019 05:27,Father's Day Banners,https://www.bestofsigns.com/fathers-day-banners.html,BBVBEB09,Default,"Catalog, Search",Enable
bestofsigns.com,Banners,Custom Vinyl Banners,Holiday Banners,"4,68,516",17-11-2019 05:27,Independence Day Banners,https://www.bestofsigns.com/independence-day-banners.html,BBVBEB10,Default,"Catalog, Search",Enable
bannerbuzz.com,Banners,Vinyl Banners,Event Banners,"4,68,517",17-11-2019 05:27,Memorial Day Banners,https://www.bannerbuzz.com/memorial-day-banners/p,BBVBEB11,Default,"Catalog, Search",Enable
bestofsigns.com,Banners,Custom Vinyl Banners,Event Banners,"4,68,517",17-11-2019 05:27,Memorial Day Banners,https://www.bestofsigns.com/memorial-day-banners.html,BBVBEB11,Default,"Catalog, Search",Enable
bannerbuzz.com,Banners,Vinyl Banners,Event Banners,"4,68,518",17-11-2019 05:27,St. Patrick's Day Banners,https://www.bannerbuzz.com/st-patricks-day-banners/p,BBVBEB12,Default,"Catalog, Search",Enable
bannerbuzz.com.au,Banners,Vinyl Banners,Event Banners,"4,68,518",17-11-2019 05:27,St. Patrick's Day Banners,https://www.bannerbuzz.com.au/st-patricks-day-banners/p,BBVBEB12,Default,"Catalog, Search",Enable
bannerbuzz.co.uk,Banners,Vinyl Banners,Event Banners,"4,68,518",17-11-2019 05:27,St. Patrick's Day Banners,https://www.bannerbuzz.co.uk/st-patricks-day-banners/p,BBVBEB12,Default,"Catalog, Search",Enable
bannerbuzz.ca,Banners,Vinyl Banners,Event Banners,"4,68,518",17-11-2019 05:27,St. Patrick's Day Banners,https://www.bannerbuzz.ca/st-patricks-day-banners/p,BBVBEB12,Default,"Catalog, Search",Enable
bannerbuzz.nz,Banners,Vinyl Banners,Event Banners,"4,68,518",17-11-2019 05:27,St. Patrick's Day Banners,https://www.bannerbuzz.co.nz/st-patricks-day-banners/p,BBVBEB12,Default,"Catalog, Search",Enable
bestofsigns.com,Banners,Custom Vinyl Banners,Event Banners,"4,68,518",17-11-2019 05:27,St. Patrick's Day Banners,https://www.bestofsigns.com/st-patricks-day-banners.html,BBVBEB12,Default,"Catalog, Search",Enable
bestofsigns.com,Banners,Custom Vinyl Banners,Special Banners,"4,68,519",17-11-2019 05:27,Personalized Banners,https://www.bestofsigns.com/personalized-banners.html,BBVBPB00,Default,"Catalog, Search",Enable
bestofsigns.com,Banners,Custom Vinyl Banners,Special Banners,"4,68,520",17-11-2019 05:27,Display Banners,https://www.bestofsigns.com/display-banners.html,BBVBPB03,Default,"Catalog, Search",Enable
bestofsigns.com,Banners,Custom Vinyl Banners,Business Banners,"4,68,521",17-11-2019 05:27,Professional Banners,https://www.bestofsigns.com/professional-banners.html,BBVBPB07,Default,"Catalog, Search",Enable
bestofsigns.com,Banners,Custom Vinyl Banners,Business Banners,"4,68,522",17-11-2019 05:27,Tax Services Banners,https://www.bestofsigns.com/tax-services-banners.html,BBVBTB03,Default,"Catalog, Search",Enable
bannerbuzz.com,Banners,Vinyl Banners,Event Banners,"4,68,523",17-11-2019 05:27,Valentine's Day Banners,https://www.bannerbuzz.com/valentines-day-banners/p,BBVBVB03,Default,"Catalog, Search",Enable
bannerbuzz.com.au,Banners,Vinyl Banners,Event Banners,"4,68,523",17-11-2019 05:27,Valentine's Day Banners,https://www.bannerbuzz.com.au/valentines-day-banners/p,BBVBVB03,Default,"Catalog, Search",Enable
bannerbuzz.co.uk,Banners,Vinyl Banners,Event Banners,"4,68,523",17-11-2019 05:27,Valentine's Day Banners,https://www.bannerbuzz.co.uk/valentines-day-banners/p,BBVBVB03,Default,"Catalog, Search",Enable
bannerbuzz.ca,Banners,Vinyl Banners,Event Banners,"4,68,523",17-11-2019 05:27,Valentine's Day Banners,https://www.bannerbuzz.ca/valentines-day-banners/p,BBVBVB03,Default,"Catalog, Search",Enable
bannerbuzz.nz,Banners,Vinyl Banners,Event Banners,"4,68,523",17-11-2019 05:27,Valentine's Day Banners,https://www.bannerbuzz.co.nz/valentines-day-banners/p,BBVBVB03,Default,"Catalog, Search",Enable
bestofsigns.com,Banners,Custom Vinyl Banners,Event Banners,"4,68,523",17-11-2019 05:27,Valentine's Day Banners,https://www.bestofsigns.com/valentines-day-banners.html,BBVBVB03,Default,"Catalog, Search",Enable
bestofsigns.com,Banners,Custom Vinyl Banners,Business Banners,"4,68,849",02-12-2019 06:33,Vinyl Banners,https://www.bestofsigns.com/vinyl-banners.html,BBVBVB00,Default,"Catalog, Search",Enable
bannerbuzz.com,Banners,Vinyl Banners,Business Banners,"4,69,138",19-03-2020 12:13,Vinyl Advisory Banners,https://www.bannerbuzz.com/vinyl-advisory-banners/p,BBSFB04,Default,"Catalog, Search",Disable
bannerbuzz.com.au,Banners,Vinyl Banners,Business Banners,"4,69,138",19-03-2020 12:13,Vinyl Advisory Banners,https://www.bannerbuzz.com.au/vinyl-advisory-banners/p,BBSFB04,Default,"Catalog, Search",Disable
bannerbuzz.co.uk,Banners,Vinyl Banners,Business Banners,"4,69,138",19-03-2020 12:13,Vinyl Advisory Banners,https://www.bannerbuzz.co.uk/vinyl-advisory-banners/p,BBSFB04,Default,"Catalog, Search",Disable
bannerbuzz.ca,Banners,Vinyl Banners,Business Banners,"4,69,138",19-03-2020 12:13,Vinyl Advisory Banners,https://www.bannerbuzz.ca/vinyl-advisory-banners/p,BBSFB04,Default,"Catalog, Search",Disable
bannerbuzz.nz,Banners,Vinyl Banners,Business Banners,"4,69,138",19-03-2020 12:13,Vinyl Advisory Banners,https://www.bannerbuzz.co.nz/vinyl-advisory-banners/p,BBSFB04,Default,"Catalog, Search",Disable
bannerbuzz.com,Banners,Vinyl Banners,Business Banners,"4,69,238",26-03-2020 05:05,Eco-Friendly Banners,https://www.bannerbuzz.com/eco-friendly-banners/p,BBPFB01,Default,"Catalog, Search",Enable
bannerbuzz.com.au,Banners,Vinyl Banners,Business Banners,"4,69,238",26-03-2020 05:05,Eco-Friendly Banners,https://www.bannerbuzz.com.au/eco-friendly-banners/p,BBPFB01,Default,"Catalog, Search",Enable
bannerbuzz.co.uk,Banners,Vinyl Banners,Business Banners,"4,69,238",26-03-2020 05:05,Eco-Friendly Banners,https://www.bannerbuzz.co.uk/eco-friendly-banners/p,BBPFB01,Default,"Catalog, Search",Enable
bannerbuzz.ca,Banners,Vinyl Banners,Business Banners,"4,69,238",26-03-2020 05:05,Eco-Friendly Banners,https://www.bannerbuzz.ca/eco-friendly-banners/p,BBPFB01,Default,"Catalog, Search",Enable
bannerbuzz.nz,Banners,Vinyl Banners,Business Banners,"4,69,238",26-03-2020 05:05,Eco-Friendly Banners,https://www.bannerbuzz.co.nz/eco-friendly-banners/p,BBPFB01,Default,"Catalog, Search",Enable
bestofsigns.com,Banners,Custom Vinyl Banners,Business Banners,"4,69,238",26-03-2020 05:05,Eco-Friendly Banners,https://www.bestofsigns.com/eco-friendly-banners.html,BBPFB01,Default,"Catalog, Search",Enable
bannerbuzz.com,Banners,Vinyl Banners,,"4,69,245",03-04-2020 09:17,Political Banners,https://www.bannerbuzz.com/custom-political-banners/p,BBPLS01,Default,"Catalog, Search",Enable
bannerbuzz.com,Banners,Vinyl Banners,,"4,69,246",03-04-2020 09:17,Political Signs,https://www.bannerbuzz.com/political-signs/p,BBPLS02,Default,"Catalog, Search",Enable
bestofsigns.com,Banners,Custom Vinyl Banners,,"4,69,246",03-04-2020 09:17,Political Signs,https://www.bestofsigns.com/custom-political-signs.html,BBPLS02,Default,"Catalog, Search",Enable
bannerbuzz.com,Banners,Vinyl Banners,,"4,69,247",03-04-2020 09:17,Political Vinyl Banners,https://www.bannerbuzz.com/political-vinyl-banners/p,BBPLS03,Default,"Catalog, Search",Enable
bestofsigns.com,Banners,Custom Vinyl Banners,,"4,69,247",03-04-2020 09:17,Political Vinyl Banners,https://www.bestofsigns.com/custom-political-vinyl-banners.html,BBPLS03,Default,"Catalog, Search",Enable
bannerbuzz.com,Banners,Vinyl Banners,,"4,69,248",03-04-2020 09:17,Political Vinyl Mesh Banners,https://www.bannerbuzz.com/political-vinyl-mesh-banners/p,BBPLS04,Default,"Catalog, Search",Enable
bestofsigns.com,Banners,Custom Vinyl Banners,,"4,69,248",03-04-2020 09:17,Political Vinyl Mesh Banners,https://www.bestofsigns.com/custom-political-vinyl-mesh-banners.html,BBPLS04,Default,"Catalog, Search",Enable
bannerbuzz.com,Banners,Vinyl Banners,Business Banners,"4,69,292",17-04-2020 05:05,Eco-Friendly Indoor Banners,https://www.bannerbuzz.com/eco-friendly-indoor-banners/p,BBIPFB01,Default,"Catalog, Search",Enable
bannerbuzz.com.au,Banners,Vinyl Banners,Business Banners,"4,69,292",17-04-2020 05:05,Eco-Friendly Indoor Banners,https://www.bannerbuzz.com.au/eco-friendly-indoor-banners/p,BBIPFB01,Default,"Catalog, Search",Enable
bannerbuzz.co.uk,Banners,Vinyl Banners,Business Banners,"4,69,292",17-04-2020 05:05,Eco-Friendly Indoor Banners,https://www.bannerbuzz.co.uk/eco-friendly-indoor-banners/p,BBIPFB01,Default,"Catalog, Search",Enable
bannerbuzz.ca,Banners,Vinyl Banners,Business Banners,"4,69,292",17-04-2020 05:05,Eco-Friendly Indoor Banners,https://www.bannerbuzz.ca/eco-friendly-indoor-banners/p,BBIPFB01,Default,"Catalog, Search",Enable
bannerbuzz.nz,Banners,Vinyl Banners,Business Banners,"4,69,292",17-04-2020 05:05,Eco-Friendly Indoor Banners,https://www.bannerbuzz.co.nz/eco-friendly-indoor-banners/p,BBIPFB01,Default,"Catalog, Search",Enable
bestofsigns.com,Banners,Custom Vinyl Banners,Event Banners,"4,69,292",17-04-2020 05:05,Eco-Friendly Indoor Banners,https://www.bestofsigns.com/eco-friendly-indoor-banners.html,BBIPFB01,Default,"Catalog, Search",Enable
bannerbuzz.com,Banners,Vinyl Banners,Business Banners,"4,69,294",17-04-2020 05:05,Eco-Friendly Outdoor Banners,https://www.bannerbuzz.com/eco-friendly-outdoor-banners/p,BBOPFB01,Default,"Catalog, Search",Enable
bannerbuzz.com.au,Banners,Vinyl Banners,Business Banners,"4,69,294",17-04-2020 05:05,Eco-Friendly Outdoor Banners,https://www.bannerbuzz.com.au/eco-friendly-outdoor-banners/p,BBOPFB01,Default,"Catalog, Search",Enable
bannerbuzz.co.uk,Banners,Vinyl Banners,Business Banners,"4,69,294",17-04-2020 05:05,Eco-Friendly Outdoor Banners,https://www.bannerbuzz.co.uk/eco-friendly-outdoor-banners/p,BBOPFB01,Default,"Catalog, Search",Enable
bannerbuzz.ca,Banners,Vinyl Banners,Business Banners,"4,69,294",17-04-2020 05:05,Eco-Friendly Outdoor Banners,https://www.bannerbuzz.ca/eco-friendly-outdoor-banners/p,BBOPFB01,Default,"Catalog, Search",Enable
bannerbuzz.nz,Banners,Vinyl Banners,Business Banners,"4,69,294",17-04-2020 05:05,Eco-Friendly Outdoor Banners,https://www.bannerbuzz.co.nz/eco-friendly-outdoor-banners/p,BBOPFB01,Default,"Catalog, Search",Enable
bestofsigns.com,Banners,Custom Vinyl Banners,Event Banners,"4,69,294",17-04-2020 05:05,Eco-Friendly Outdoor Banners,https://www.bestofsigns.com/eco-friendly-outdoor-banners.html,BBOPFB01,Default,"Catalog, Search",Enable
bannerbuzz.com,Banners,Vinyl Banners,Event Banners,"4,69,892",05-06-2020 05:32,Rainbow Pride Banners,https://www.bannerbuzz.com/rainbow-pride-banners/p,BBRPB01,Default,"Catalog, Search",Enable
bannerbuzz.com.au,Banners,Vinyl Banners,Event Banners,"4,69,892",05-06-2020 05:32,Rainbow Pride Banners,https://www.bannerbuzz.com.au/rainbow-pride-banners/p,BBRPB01,Default,"Catalog, Search",Enable
bannerbuzz.co.uk,Banners,Vinyl Banners,Event Banners,"4,69,892",05-06-2020 05:32,Rainbow Pride Banners,https://www.bannerbuzz.co.uk/rainbow-pride-banners/p,BBRPB01,Default,"Catalog, Search",Enable
bannerbuzz.ca,Banners,Vinyl Banners,Event Banners,"4,69,892",05-06-2020 05:32,Rainbow Pride Banners,https://www.bannerbuzz.ca/rainbow-pride-banners/p,BBRPB01,Default,"Catalog, Search",Enable
bannerbuzz.nz,Banners,Vinyl Banners,Event Banners,"4,69,892",05-06-2020 05:32,Rainbow Pride Banners,https://www.bannerbuzz.co.nz/rainbow-pride-banners/p,BBRPB01,Default,"Catalog, Search",Enable
bestofsigns.com,Banners,Custom Vinyl Banners,Event Banners,"4,69,892",05-06-2020 05:32,Rainbow Pride Banners,https://www.bestofsigns.com/rainbow-pride-banners.html,BBRPB01,Default,"Catalog, Search",Enable
bannerbuzz.com,Banners,Vinyl Banners,Business Banners,"4,70,150",23-07-2020 09:52,Now Hiring Banners,https://www.bannerbuzz.com/now-hiring-banners/p,BBNHB01,Default,"Catalog, Search",Enable
bannerbuzz.com.au,Banners,Vinyl Banners,Business Banners,"4,70,150",23-07-2020 09:52,Now Hiring Banners,https://www.bannerbuzz.com.au/now-hiring-banners/p,BBNHB01,Default,"Catalog, Search",Enable
bannerbuzz.co.uk,Banners,Vinyl Banners,Business Banners,"4,70,150",23-07-2020 09:52,Now Hiring Banners,https://www.bannerbuzz.co.uk/now-hiring-banners/p,BBNHB01,Default,"Catalog, Search",Enable
bannerbuzz.ca,Banners,Vinyl Banners,Business Banners,"4,70,150",23-07-2020 09:52,Now Hiring Banners,https://www.bannerbuzz.ca/now-hiring-banners/p,BBNHB01,Default,"Catalog, Search",Enable
bannerbuzz.nz,Banners,Vinyl Banners,Business Banners,"4,70,150",23-07-2020 09:52,Now Hiring Banners,https://www.bannerbuzz.co.nz/now-hiring-banners/p,BBNHB01,Default,"Catalog, Search",Enable
bestofsigns.com,Banners,Custom Vinyl Banners,Business Banners,"4,70,150",23-07-2020 09:52,Now Hiring Banners,https://www.bestofsigns.com/now-hiring-banners.html,BBNHB01,Default,"Catalog, Search",Enable
bannerbuzz.com,Banners,Vinyl Banners,Event Banners,"4,71,139",30-12-2020 03:48,Coming Soon Banners,https://www.bannerbuzz.com/coming-soon-banners/p,BBCSB01,Default,"Catalog, Search",Enable
bannerbuzz.com.au,Banners,Vinyl Banners,Event Banners,"4,71,139",30-12-2020 03:48,Coming Soon Banners,https://www.bannerbuzz.com.au/coming-soon-banners/p,BBCSB01,Default,"Catalog, Search",Enable
bannerbuzz.co.uk,Banners,Vinyl Banners,Event Banners,"4,71,139",30-12-2020 03:48,Coming Soon Banners,https://www.bannerbuzz.co.uk/coming-soon-banners/p,BBCSB01,Default,"Catalog, Search",Enable
bannerbuzz.ca,Banners,Vinyl Banners,Event Banners,"4,71,139",30-12-2020 03:48,Coming Soon Banners,https://www.bannerbuzz.ca/coming-soon-banners/p,BBCSB01,Default,"Catalog, Search",Enable
bannerbuzz.nz,Banners,Vinyl Banners,Event Banners,"4,71,139",30-12-2020 03:48,Coming Soon Banners,https://www.bannerbuzz.co.nz/coming-soon-banners/p,BBCSB01,Default,"Catalog, Search",Enable
bestofsigns.com,Banners,Custom Vinyl Banners,Event Banners,"4,71,139",30-12-2020 03:48,Coming Soon Banners,https://www.bestofsigns.com/coming-soon-banners.html,BBCSB01,Default,"Catalog, Search",Enable
bannerbuzz.com,Banners,Vinyl Banners,Event Banners,"4,71,140",30-12-2020 03:48,Opening Soon Banners,https://www.bannerbuzz.com/opening-soon-banners/p,BBOSB01,Default,"Catalog, Search",Enable
bannerbuzz.com.au,Banners,Vinyl Banners,Event Banners,"4,71,140",30-12-2020 03:48,Opening Soon Banners,https://www.bannerbuzz.com.au/opening-soon-banners/p,BBOSB01,Default,"Catalog, Search",Enable
bannerbuzz.co.uk,Banners,Vinyl Banners,Event Banners,"4,71,140",30-12-2020 03:48,Opening Soon Banners,https://www.bannerbuzz.co.uk/opening-soon-banners/p,BBOSB01,Default,"Catalog, Search",Enable
bannerbuzz.ca,Banners,Vinyl Banners,Event Banners,"4,71,140",30-12-2020 03:48,Opening Soon Banners,https://www.bannerbuzz.ca/opening-soon-banners/p,BBOSB01,Default,"Catalog, Search",Enable
bannerbuzz.nz,Banners,Vinyl Banners,Event Banners,"4,71,140",30-12-2020 03:48,Opening Soon Banners,https://www.bannerbuzz.co.nz/opening-soon-banners/p,BBOSB01,Default,"Catalog, Search",Enable
bestofsigns.com,Banners,Custom Vinyl Banners,Event Banners,"4,71,140",30-12-2020 03:48,Opening Soon Banners,https://www.bestofsigns.com/opening-soon-banners.html,BBOSB01,Default,"Catalog, Search",Enable
bannerbuzz.com,Banners,Vinyl Banners,Event Banners,"4,71,810",03-03-2021 08:58,President's Day Banner,https://www.bannerbuzz.com/washingtons-birthday-banners/p,BBWNBDB01,Default,"Catalog, Search",Enable
bestofsigns.com,Banners,Custom Vinyl Banners,Event Banners,"4,71,810",03-03-2021 08:58,President's Day Banner,https://www.bestofsigns.com/washingtons-birthday-banners.html,BBWNBDB01,Default,"Catalog, Search",Enable
bannerbuzz.com,Banners,Vinyl Banners,Event Banners,"4,71,811",03-03-2021 08:58,Mothers Day Banners,https://www.bannerbuzz.com/mothers-day-banners/p,BBMDB01,Default,"Catalog, Search",Enable
bannerbuzz.com.au,Banners,Vinyl Banners,Event Banners,"4,71,811",03-03-2021 08:58,Mothers Day Banners,https://www.bannerbuzz.com.au/mothers-day-banners/p,BBMDB01,Default,"Catalog, Search",Enable
bannerbuzz.co.uk,Banners,Vinyl Banners,Event Banners,"4,71,811",03-03-2021 08:58,Mothers Day Banners,https://www.bannerbuzz.co.uk/mothers-day-banners/p,BBMDB01,Default,"Catalog, Search",Enable
bannerbuzz.ca,Banners,Vinyl Banners,Event Banners,"4,71,811",03-03-2021 08:58,Mothers Day Banners,https://www.bannerbuzz.ca/mothers-day-banners/p,BBMDB01,Default,"Catalog, Search",Enable
bannerbuzz.nz,Banners,Vinyl Banners,Event Banners,"4,71,811",03-03-2021 08:58,Mothers Day Banners,https://www.bannerbuzz.co.nz/mothers-day-banners/p,BBMDB01,Default,"Catalog, Search",Enable
bestofsigns.com,Banners,Custom Vinyl Banners,Event Banners,"4,71,811",03-03-2021 08:58,Mothers Day Banners,https://www.bestofsigns.com/mothers-day-banners.html,BBMDB01,Default,"Catalog, Search",Enable
bannerbuzz.com,Banners,Vinyl Banners,Special Banners,"4,86,916",15-09-2021 05:17,Double Sided Banners,https://www.bannerbuzz.com/double-sided-banners/p,BBDSB01,Default,"Catalog, Search",Enable
bannerbuzz.com.au,Banners,Vinyl Banners,Special Banners,"4,86,916",15-09-2021 05:17,Double Sided Banners,https://www.bannerbuzz.com.au/double-sided-banners/p,BBDSB01,Default,"Catalog, Search",Enable
bannerbuzz.co.uk,Banners,Vinyl Banners,Special Banners,"4,86,916",15-09-2021 05:17,Double-Sided Banners,https://www.bannerbuzz.co.uk/double-sided-banners/p,BBDSB01,Default,"Catalog, Search",Enable
bannerbuzz.ca,Banners,Vinyl Banners,Special Banners,"4,86,916",15-09-2021 05:17,Double Sided Banners,https://www.bannerbuzz.ca/double-sided-banners/p,BBDSB01,Default,"Catalog, Search",Enable
bannerbuzz.nz,Banners,Vinyl Banners,Special Banners,"4,86,916",15-09-2021 05:17,Double Sided Banners,https://www.bannerbuzz.co.nz/double-sided-banners/p,BBDSB01,Default,"Catalog, Search",Enable
bestofsigns.com,Banners,Custom Vinyl Banners,Special Banners,"4,86,916",15-09-2021 05:17,Double Sided Banners,https://www.bestofsigns.com/double-sided-banners.html,BBDSB01,Default,"Catalog, Search",Enable
bannerbuzz.com,Banners,Vinyl Banners,Special Banners,"4,86,918",15-09-2021 05:17,Large Outdoor Banners,https://www.bannerbuzz.com/large-outdoor-banners/p,BBLOB01,Default,"Catalog, Search",Enable
bannerbuzz.com.au,Banners,Vinyl Banners,Special Banners,"4,86,918",15-09-2021 05:17,Large Outdoor Banners,https://www.bannerbuzz.com.au/large-outdoor-banners/p,BBLOB01,Default,"Catalog, Search",Enable
bannerbuzz.co.uk,Banners,Vinyl Banners,Special Banners,"4,86,918",15-09-2021 05:17,Large Outdoor Banners,https://www.bannerbuzz.co.uk/large-outdoor-banners/p,BBLOB01,Default,"Catalog, Search",Enable
bannerbuzz.ca,Banners,Vinyl Banners,Special Banners,"4,86,918",15-09-2021 05:17,Large Outdoor Banners,https://www.bannerbuzz.ca/large-outdoor-banners/p,BBLOB01,Default,"Catalog, Search",Enable
bannerbuzz.nz,Banners,Vinyl Banners,Special Banners,"4,86,918",15-09-2021 05:17,Large Outdoor Banners,https://www.bannerbuzz.co.nz/large-outdoor-banners/p,BBLOB01,Default,"Catalog, Search",Enable
bestofsigns.com,Banners,Custom Vinyl Banners,Special Banners,"4,86,918",15-09-2021 05:17,Large Outdoor Banners,https://www.bestofsigns.com/large-outdoor-banners.html,BBLOB01,Default,"Catalog, Search",Enable
bannerbuzz.com,Banners,Vinyl Banners,Event Banners,"4,86,993",04-10-2021 06:06,Fall Banners,https://www.bannerbuzz.com/fall-banners/p,BBFLB01,Default,"Catalog, Search",Enable
bannerbuzz.co.uk,Banners,Vinyl Banners,Event Banners,"4,86,993",04-10-2021 06:06,Fall Banners,https://www.bannerbuzz.co.uk/fall-banners/p,BBFLB01,Default,"Catalog, Search",Enable
bannerbuzz.ca,Banners,Vinyl Banners,Event Banners,"4,86,993",04-10-2021 06:06,Fall Banners,https://www.bannerbuzz.ca/fall-banners/p,BBFLB01,Default,"Catalog, Search",Enable
bestofsigns.com,Banners,Custom Vinyl Banners,Event Banners,"4,86,993",04-10-2021 06:06,Fall Banners,https://www.bestofsigns.com/fall-banners.html,BBFLB01,Default,"Catalog, Search",Enable
bannerbuzz.com,Banners,Vinyl Banners,Event Banners,"4,86,994",04-10-2021 06:06,Back To School Banners,https://www.bannerbuzz.com/back-to-school-banners/p,BBBTSB01,Default,"Catalog, Search",Enable
bannerbuzz.co.uk,Banners,Vinyl Banners,Event Banners,"4,86,994",04-10-2021 06:06,Back To School Banners,https://www.bannerbuzz.co.uk/back-to-school-banners/p,BBBTSB01,Default,"Catalog, Search",Enable
bannerbuzz.ca,Banners,Vinyl Banners,Event Banners,"4,86,994",04-10-2021 06:06,Back To School Banners,https://www.bannerbuzz.ca/back-to-school-banners/p,BBBTSB01,Default,"Catalog, Search",Enable
bestofsigns.com,Banners,Custom Vinyl Banners,Event Banners,"4,86,994",04-10-2021 06:06,Back To School Banners,https://www.bestofsigns.com/back-to-school-banners.html,BBBTSB01,Default,"Catalog, Search",Enable
bannerbuzz.com,Banners,Vinyl Banners,Event Banners,"4,86,995",04-10-2021 06:06,Labor Day Banners,https://www.bannerbuzz.com/labor-day-banners/p,BBLDB01,Default,"Catalog, Search",Enable
bannerbuzz.com.au,Banners,Vinyl Banners,Event Banners,"4,86,995",04-10-2021 06:06,Labor Day Banners,https://www.bannerbuzz.com.au/labor-day-banners/p,BBLDB01,Default,"Catalog, Search",Enable
bannerbuzz.ca,Banners,Vinyl Banners,Event Banners,"4,86,995",04-10-2021 06:06,Labor Day Banners,https://www.bannerbuzz.ca/labor-day-banners/p,BBLDB01,Default,"Catalog, Search",Enable
bannerbuzz.nz,Banners,Vinyl Banners,Event Banners,"4,86,995",04-10-2021 06:06,Labor Day Banners,https://www.bannerbuzz.co.nz/labor-day-banners/p,BBLDB01,Default,"Catalog, Search",Enable
bestofsigns.com,Banners,Custom Vinyl Banners,Event Banners,"4,86,995",04-10-2021 06:06,Labor Day Banners,https://www.bestofsigns.com/labor-day-banners.html,BBLDB01,Default,"Catalog, Search",Enable
bannerbuzz.com,Banners,Vinyl Banners,Event Banners,"4,86,996",04-10-2021 06:06,Columbus Day Banners,https://www.bannerbuzz.com/columbus-day-banners/p,BBCDB01,Default,"Catalog, Search",Enable
bannerbuzz.ca,Banners,Vinyl Banners,Event Banners,"4,86,996",04-10-2021 06:06,Columbus Day Banners,https://www.bannerbuzz.ca/columbus-day-banners/p,BBCDB01,Default,"Catalog, Search",Enable
bestofsigns.com,Banners,Custom Vinyl Banners,Event Banners,"4,86,996",04-10-2021 06:06,Columbus Day Banners,https://www.bestofsigns.com/columbus-day-banners.html,BBCDB01,Default,"Catalog, Search",Enable
bannerbuzz.com,Banners,Vinyl Banners,Event Banners,"4,86,997",04-10-2021 06:06,Black Friday Banners,https://www.bannerbuzz.com/black-friday-banners/p,BBBFB01,Default,"Catalog, Search",Enable
bannerbuzz.com.au,Banners,Vinyl Banners,Event Banners,"4,86,997",04-10-2021 06:06,Black Friday Banners,https://www.bannerbuzz.com.au/black-friday-banners/p,BBBFB01,Default,"Catalog, Search",Enable
bannerbuzz.co.uk,Banners,Vinyl Banners,Event Banners,"4,86,997",04-10-2021 06:06,Black Friday Banners,https://www.bannerbuzz.co.uk/black-friday-banners/p,BBBFB01,Default,"Catalog, Search",Enable
bannerbuzz.ca,Banners,Vinyl Banners,Event Banners,"4,86,997",04-10-2021 06:06,Black Friday Banners,https://www.bannerbuzz.ca/black-friday-banners/p,BBBFB01,Default,"Catalog, Search",Enable
bannerbuzz.nz,Banners,Vinyl Banners,Event Banners,"4,86,997",04-10-2021 06:06,Black Friday Banners,https://www.bannerbuzz.co.nz/black-friday-banners/p,BBBFB01,Default,"Catalog, Search",Enable
bestofsigns.com,Banners,Custom Vinyl Banners,Event Banners,"4,86,997",04-10-2021 06:06,Black Friday Banners,https://www.bestofsigns.com/black-friday-banners.html,BBBFB01,Default,"Catalog, Search",Enable
bannerbuzz.com,Banners,Vinyl Banners,Event Banners,"4,86,998",04-10-2021 06:06,Cyber Monday Banners,https://www.bannerbuzz.com/cyber-monday-banners/p,BBCMB01,Default,"Catalog, Search",Enable
bannerbuzz.com.au,Banners,Vinyl Banners,Event Banners,"4,86,998",04-10-2021 06:06,Cyber Monday Banners,https://www.bannerbuzz.com.au/cyber-monday-banners/p,BBCMB01,Default,"Catalog, Search",Enable
bannerbuzz.co.uk,Banners,Vinyl Banners,Event Banners,"4,86,998",04-10-2021 06:06,Cyber Monday Banners,https://www.bannerbuzz.co.uk/cyber-monday-banners/p,BBCMB01,Default,"Catalog, Search",Enable
bannerbuzz.ca,Banners,Vinyl Banners,Event Banners,"4,86,998",04-10-2021 06:06,Cyber Monday Banners,https://www.bannerbuzz.ca/cyber-monday-banners/p,BBCMB01,Default,"Catalog, Search",Enable
bannerbuzz.nz,Banners,Vinyl Banners,Event Banners,"4,86,998",04-10-2021 06:06,Cyber Monday Banners,https://www.bannerbuzz.co.nz/cyber-monday-banners/p,BBCMB01,Default,"Catalog, Search",Enable
bestofsigns.com,Banners,Custom Vinyl Banners,Event Banners,"4,86,998",04-10-2021 06:06,Cyber Monday Banners,https://www.bestofsigns.com/cyber-monday-banners.html,BBCMB01,Default,"Catalog, Search",Enable
bannerbuzz.com,Banners,Vinyl Banners,Event Banners,"4,86,999",04-10-2021 06:06,Winter Banners,https://www.bannerbuzz.com/winter-banners/p,BBWIB01,Default,"Catalog, Search",Enable
bannerbuzz.com.au,Banners,Vinyl Banners,Event Banners,"4,86,999",04-10-2021 06:06,Winter Banners,https://www.bannerbuzz.com.au/winter-banners/p,BBWIB01,Default,"Catalog, Search",Enable
bannerbuzz.co.uk,Banners,Vinyl Banners,Event Banners,"4,86,999",04-10-2021 06:06,Winter Banners,https://www.bannerbuzz.co.uk/winter-banners/p,BBWIB01,Default,"Catalog, Search",Enable
bannerbuzz.ca,Banners,Vinyl Banners,Event Banners,"4,86,999",04-10-2021 06:06,Winter Banners,https://www.bannerbuzz.ca/winter-banners/p,BBWIB01,Default,"Catalog, Search",Enable
bannerbuzz.nz,Banners,Vinyl Banners,Event Banners,"4,86,999",04-10-2021 06:06,Winter Banners,https://www.bannerbuzz.co.nz/winter-banners/p,BBWIB01,Default,"Catalog, Search",Enable
bestofsigns.com,Banners,Custom Vinyl Banners,Event Banners,"4,86,999",04-10-2021 06:06,Winter Banners,https://www.bestofsigns.com/winter-banners.html,BBWIB01,Default,"Catalog, Search",Enable
bannerbuzz.com,Banners,Vinyl Banners,,"4,87,101",25-10-2021 08:26,Blank Banners,https://www.bannerbuzz.com/blank-banners/p,BBBB01,Default,"Catalog, Search",Enable
bannerbuzz.com.au,Banners,Vinyl Banners,,"4,87,101",25-10-2021 08:26,Blank Banners,https://www.bannerbuzz.com.au/blank-banners/p,BBBB01,Default,"Catalog, Search",Enable
bannerbuzz.co.uk,Banners,Vinyl Banners,,"4,87,101",25-10-2021 08:26,Blank Banners,https://www.bannerbuzz.co.uk/blank-banners/p,BBBB01,Default,"Catalog, Search",Enable
bannerbuzz.ca,Banners,Vinyl Banners,,"4,87,101",25-10-2021 08:26,Blank Banners,https://www.bannerbuzz.ca/blank-banners/p,BBBB01,Default,"Catalog, Search",Enable
bannerbuzz.nz,Banners,Vinyl Banners,,"4,87,101",25-10-2021 08:26,Blank Banners,https://www.bannerbuzz.co.nz/blank-banners/p,BBBB01,Default,"Catalog, Search",Enable
bestofsigns.com,Banners,Custom Vinyl Banners,,"4,87,101",25-10-2021 08:26,Blank Banners,https://www.bestofsigns.com/blank-banners.html,BBBB01,Default,"Catalog, Search",Enable
bannerbuzz.com,Banners,Vinyl Banners,Business Banners,"5,11,452",22-04-2024 04:16,Custom Ultra Premium Vinyl Banners,https://www.bannerbuzz.com/custom-ultra-premium-vinyl-banners/p,BBBCUPVB001,Default,"Catalog, Search",Enable
bannerbuzz.com.au,Banners,Vinyl Banners,Business Banners,"5,11,452",22-04-2024 04:16,Custom Ultra Premium Vinyl Banners,https://www.bannerbuzz.com.au/custom-ultra-premium-vinyl-banners/p,BBBCUPVB001,Default,"Catalog, Search",Enable
bannerbuzz.co.uk,Banners,Vinyl Banners,Business Banners,"5,11,452",22-04-2024 04:16,Custom Ultra Premium Vinyl Banners,https://www.bannerbuzz.co.uk/custom-ultra-premium-vinyl-banners/p,BBBCUPVB001,Default,"Catalog, Search",Enable
bannerbuzz.ca,Banners,Vinyl Banners,Business Banners,"5,11,452",22-04-2024 04:16,Custom Ultra Premium Vinyl Banners,https://www.bannerbuzz.ca/custom-ultra-premium-vinyl-banners/p,BBBCUPVB001,Default,"Catalog, Search",Enable
bannerbuzz.nz,Banners,Vinyl Banners,Business Banners,"5,11,452",22-04-2024 04:16,Custom Ultra Premium Vinyl Banners,https://www.bannerbuzz.co.nz/custom-ultra-premium-vinyl-banners/p,BBBCUPVB001,Default,"Catalog, Search",Enable
bestofsigns.com,Banners,Custom Vinyl Banners,Business Banners,"5,11,452",22-04-2024 04:16,Custom Ultra Premium Vinyl Banners,https://www.bestofsigns.com/custom-ultra-premium-vinyl-banners.html,BBBCUPVB001,Default,"Catalog, Search",Enable
